27-Apr-2017 08:57,27-Apr-2017 08:57,67.0
27-Apr-2017 08:59,27-Apr-2017 08:59,71.0
27-Apr-2017 09:06,27-Apr-2017 09:06,67.0
27-Apr-2017 09:11,27-Apr-2017 09:11,66.0
27-Apr-2017 09:16,27-Apr-2017 09:16,69.0
27-Apr-2017 09:18,27-Apr-2017 09:18,73.0
27-Apr-2017 09:24,27-Apr-2017 09:24,72.0
27-Apr-2017 09:30,27-Apr-2017 09:30,71.0
27-Apr-2017 09:34,27-Apr-2017 09:34,77.0
27-Apr-2017 09:42,27-Apr-2017 09:42,74.0
27-Apr-2017 09:45,27-Apr-2017 09:45,72.0
27-Apr-2017 09:51,27-Apr-2017 09:51,67.0
27-Apr-2017 09:55,27-Apr-2017 09:55,65.0
27-Apr-2017 10:00,27-Apr-2017 10:00,69.0
27-Apr-2017 10:06,27-Apr-2017 10:06,72.0
27-Apr-2017 10:11,27-Apr-2017 10:11,68.0
27-Apr-2017 10:14,27-Apr-2017 10:14,64.0
27-Apr-2017 10:20,27-Apr-2017 10:20,61.0
27-Apr-2017 10:24,27-Apr-2017 10:24,64.0
27-Apr-2017 10:28,27-Apr-2017 10:28,82.0
27-Apr-2017 10:33,27-Apr-2017 10:33,74.0
27-Apr-2017 10:41,27-Apr-2017 10:41,65.0
27-Apr-2017 10:43,27-Apr-2017 10:43,75.0
27-Apr-2017 11:15,27-Apr-2017 11:15,74.0
27-Apr-2017 11:18,27-Apr-2017 11:18,74.0
27-Apr-2017 11:25,27-Apr-2017 11:25,79.0
27-Apr-2017 11:29,27-Apr-2017 11:29,78.0
27-Apr-2017 11:35,27-Apr-2017 11:35,70.0
27-Apr-2017 11:41,27-Apr-2017 11:41,72.0
27-Apr-2017 11:43,27-Apr-2017 11:43,66.0
27-Apr-2017 11:51,27-Apr-2017 11:51,71.0
27-Apr-2017 11:57,27-Apr-2017 11:57,73.0
27-Apr-2017 12:01,27-Apr-2017 12:01,79.0
27-Apr-2017 12:05,27-Apr-2017 12:05,71.0
27-Apr-2017 12:08,27-Apr-2017 12:08,72.0
27-Apr-2017 12:16,27-Apr-2017 12:16,69.0
27-Apr-2017 12:19,27-Apr-2017 12:19,69.0
27-Apr-2017 12:23,27-Apr-2017 12:23,69.0
27-Apr-2017 12:30,27-Apr-2017 12:30,74.0
27-Apr-2017 12:36,27-Apr-2017 12:36,73.0
27-Apr-2017 12:41,27-Apr-2017 12:41,72.0
27-Apr-2017 12:43,27-Apr-2017 12:43,81.0
27-Apr-2017 12:55,27-Apr-2017 12:55,68.0
27-Apr-2017 13:04,27-Apr-2017 13:04,79.0
27-Apr-2017 13:21,27-Apr-2017 13:21,73.0
27-Apr-2017 13:26,27-Apr-2017 13:26,88.0
27-Apr-2017 13:29,27-Apr-2017 13:29,79.0
27-Apr-2017 13:33,27-Apr-2017 13:33,73.0
27-Apr-2017 13:41,27-Apr-2017 13:41,75.0
27-Apr-2017 13:45,27-Apr-2017 13:45,76.0
27-Apr-2017 13:47,27-Apr-2017 13:47,74.0
27-Apr-2017 13:54,27-Apr-2017 13:54,78.0
27-Apr-2017 14:02,27-Apr-2017 14:02,71.0
27-Apr-2017 14:05,27-Apr-2017 14:05,82.0
27-Apr-2017 14:11,27-Apr-2017 14:11,80.0
27-Apr-2017 14:16,27-Apr-2017 14:16,74.0
27-Apr-2017 14:18,27-Apr-2017 14:18,77.0
27-Apr-2017 14:29,27-Apr-2017 14:29,73.0
27-Apr-2017 14:35,27-Apr-2017 14:35,79.0
27-Apr-2017 14:40,27-Apr-2017 14:40,78.0
27-Apr-2017 14:45,27-Apr-2017 14:45,73.0
27-Apr-2017 14:48,27-Apr-2017 14:48,74.0
27-Apr-2017 14:57,27-Apr-2017 14:57,71.0
27-Apr-2017 15:00,27-Apr-2017 15:00,72.0
27-Apr-2017 15:18,27-Apr-2017 15:18,74.0
27-Apr-2017 15:21,27-Apr-2017 15:21,77.0
27-Apr-2017 15:27,27-Apr-2017 15:27,70.0
27-Apr-2017 15:32,27-Apr-2017 15:32,75.0
27-Apr-2017 15:38,27-Apr-2017 15:38,74.0
27-Apr-2017 15:43,27-Apr-2017 15:43,75.0
27-Apr-2017 15:46,27-Apr-2017 15:46,74.0
27-Apr-2017 15:49,27-Apr-2017 15:49,77.0
27-Apr-2017 15:53,27-Apr-2017 15:53,75.0
27-Apr-2017 16:03,27-Apr-2017 16:03,70.0
27-Apr-2017 16:05,27-Apr-2017 16:05,74.0
27-Apr-2017 16:11,27-Apr-2017 16:11,69.0
27-Apr-2017 16:15,27-Apr-2017 16:15,73.0
27-Apr-2017 16:22,27-Apr-2017 16:22,73.0
27-Apr-2017 16:25,27-Apr-2017 16:25,69.0
27-Apr-2017 16:35,27-Apr-2017 16:35,81.0
27-Apr-2017 16:36,27-Apr-2017 16:36,88.0
27-Apr-2017 16:41,27-Apr-2017 16:41,73.0
27-Apr-2017 16:47,27-Apr-2017 16:47,69.0
27-Apr-2017 16:50,27-Apr-2017 16:50,73.0
27-Apr-2017 16:58,27-Apr-2017 16:58,69.0
27-Apr-2017 17:01,27-Apr-2017 17:01,70.0
27-Apr-2017 17:07,27-Apr-2017 17:07,74.0
27-Apr-2017 17:09,27-Apr-2017 17:09,74.0
27-Apr-2017 17:15,27-Apr-2017 17:15,75.0
27-Apr-2017 17:19,27-Apr-2017 17:19,80.0
27-Apr-2017 17:25,27-Apr-2017 17:25,85.0
27-Apr-2017 17:42,27-Apr-2017 17:42,74.0
27-Apr-2017 17:47,27-Apr-2017 17:47,72.0
27-Apr-2017 17:50,27-Apr-2017 17:50,79.0
27-Apr-2017 17:58,27-Apr-2017 17:58,66.0
27-Apr-2017 18:04,27-Apr-2017 18:04,70.0
27-Apr-2017 18:40,27-Apr-2017 18:40,75.0
27-Apr-2017 19:18,27-Apr-2017 19:18,104.0
27-Apr-2017 19:21,27-Apr-2017 19:21,107.0
27-Apr-2017 19:29,27-Apr-2017 19:29,97.0
27-Apr-2017 19:30,27-Apr-2017 19:30,113.0
27-Apr-2017 19:37,27-Apr-2017 19:37,98.0
27-Apr-2017 19:39,27-Apr-2017 19:39,81.0
27-Apr-2017 19:47,27-Apr-2017 19:47,95.0
27-Apr-2017 19:53,27-Apr-2017 19:53,97.0
27-Apr-2017 19:57,27-Apr-2017 19:57,99.0
27-Apr-2017 20:01,27-Apr-2017 20:01,95.0
27-Apr-2017 20:08,27-Apr-2017 20:08,83.0
27-Apr-2017 20:12,27-Apr-2017 20:12,100.0
27-Apr-2017 20:18,27-Apr-2017 20:18,90.0
27-Apr-2017 20:21,27-Apr-2017 20:21,81.0
27-Apr-2017 20:28,27-Apr-2017 20:28,97.0
27-Apr-2017 20:32,27-Apr-2017 20:32,98.0
27-Apr-2017 20:36,27-Apr-2017 20:36,90.0
27-Apr-2017 20:41,27-Apr-2017 20:41,101.0
27-Apr-2017 20:47,27-Apr-2017 20:47,98.0
27-Apr-2017 20:53,27-Apr-2017 20:53,88.0
27-Apr-2017 21:00,27-Apr-2017 21:00,89.0
27-Apr-2017 21:07,27-Apr-2017 21:07,88.0
27-Apr-2017 21:08,27-Apr-2017 21:08,90.0
27-Apr-2017 21:14,27-Apr-2017 21:14,87.0
27-Apr-2017 21:15,27-Apr-2017 21:15,73.0
27-Apr-2017 21:22,27-Apr-2017 21:22,82.0
27-Apr-2017 21:26,27-Apr-2017 21:26,94.0
27-Apr-2017 21:37,27-Apr-2017 21:37,85.0
27-Apr-2017 21:44,27-Apr-2017 21:44,79.0
27-Apr-2017 21:46,27-Apr-2017 21:46,70.0
27-Apr-2017 21:55,27-Apr-2017 21:55,72.0
27-Apr-2017 22:07,27-Apr-2017 22:07,71.0
27-Apr-2017 22:10,27-Apr-2017 22:10,72.0
27-Apr-2017 22:11,27-Apr-2017 22:11,74.0
27-Apr-2017 22:16,27-Apr-2017 22:16,73.0
27-Apr-2017 22:24,27-Apr-2017 22:24,81.0
27-Apr-2017 22:32,27-Apr-2017 22:32,77.0
27-Apr-2017 22:34,27-Apr-2017 22:34,74.0
27-Apr-2017 22:45,27-Apr-2017 22:45,70.0
27-Apr-2017 22:48,27-Apr-2017 22:48,73.0
27-Apr-2017 22:53,27-Apr-2017 22:53,68.0
27-Apr-2017 22:56,27-Apr-2017 22:56,70.0
28-Apr-2017 07:34,28-Apr-2017 07:34,71.0
28-Apr-2017 07:42,28-Apr-2017 07:42,68.0
28-Apr-2017 07:47,28-Apr-2017 07:47,70.0
28-Apr-2017 07:48,28-Apr-2017 07:48,72.0
28-Apr-2017 07:54,28-Apr-2017 07:54,69.0
28-Apr-2017 08:01,28-Apr-2017 08:01,67.0
28-Apr-2017 08:07,28-Apr-2017 08:07,70.0
28-Apr-2017 08:15,28-Apr-2017 08:15,71.0
28-Apr-2017 08:17,28-Apr-2017 08:17,72.0
28-Apr-2017 08:19,28-Apr-2017 08:19,69.0
28-Apr-2017 08:25,28-Apr-2017 08:25,75.0
28-Apr-2017 08:29,28-Apr-2017 08:29,74.0
28-Apr-2017 08:34,28-Apr-2017 08:34,78.0
28-Apr-2017 08:42,28-Apr-2017 08:42,76.0
28-Apr-2017 08:44,28-Apr-2017 08:44,77.0
28-Apr-2017 08:50,28-Apr-2017 08:50,77.0
28-Apr-2017 08:58,28-Apr-2017 08:58,75.0
28-Apr-2017 09:02,28-Apr-2017 09:02,80.0
28-Apr-2017 09:07,28-Apr-2017 09:07,81.0
28-Apr-2017 09:10,28-Apr-2017 09:10,74.0
28-Apr-2017 09:19,28-Apr-2017 09:19,74.0
28-Apr-2017 09:22,28-Apr-2017 09:22,74.0
28-Apr-2017 09:27,28-Apr-2017 09:27,74.0
28-Apr-2017 09:30,28-Apr-2017 09:30,76.0
28-Apr-2017 09:36,28-Apr-2017 09:36,79.0
28-Apr-2017 09:41,28-Apr-2017 09:41,77.0
28-Apr-2017 09:43,28-Apr-2017 09:43,79.0
28-Apr-2017 09:52,28-Apr-2017 09:52,76.0
28-Apr-2017 09:56,28-Apr-2017 09:56,74.0
28-Apr-2017 10:01,28-Apr-2017 10:01,74.0
28-Apr-2017 10:04,28-Apr-2017 10:04,72.0
28-Apr-2017 10:12,28-Apr-2017 10:12,74.0
28-Apr-2017 10:15,28-Apr-2017 10:15,79.0
28-Apr-2017 10:22,28-Apr-2017 10:22,74.0
28-Apr-2017 10:32,28-Apr-2017 10:32,75.0
28-Apr-2017 10:36,28-Apr-2017 10:36,79.0
28-Apr-2017 10:39,28-Apr-2017 10:39,76.0
28-Apr-2017 10:44,28-Apr-2017 10:44,74.0
28-Apr-2017 10:51,28-Apr-2017 10:51,73.0
28-Apr-2017 10:55,28-Apr-2017 10:55,78.0
28-Apr-2017 10:59,28-Apr-2017 10:59,74.0
28-Apr-2017 11:06,28-Apr-2017 11:06,74.0
28-Apr-2017 11:11,28-Apr-2017 11:11,90.0
28-Apr-2017 11:15,28-Apr-2017 11:15,78.0
28-Apr-2017 11:20,28-Apr-2017 11:20,75.0
28-Apr-2017 11:25,28-Apr-2017 11:25,76.0
28-Apr-2017 11:29,28-Apr-2017 11:29,79.0
28-Apr-2017 11:36,28-Apr-2017 11:36,77.0
28-Apr-2017 11:41,28-Apr-2017 11:41,79.0
28-Apr-2017 11:45,28-Apr-2017 11:45,82.0
28-Apr-2017 11:48,28-Apr-2017 11:48,78.0
28-Apr-2017 11:56,28-Apr-2017 11:56,74.0
28-Apr-2017 11:58,28-Apr-2017 11:58,74.0
28-Apr-2017 12:07,28-Apr-2017 12:07,72.0
28-Apr-2017 12:10,28-Apr-2017 12:10,76.0
28-Apr-2017 12:13,28-Apr-2017 12:13,75.0
28-Apr-2017 12:20,28-Apr-2017 12:20,106.0
28-Apr-2017 12:26,28-Apr-2017 12:26,65.0
28-Apr-2017 12:41,28-Apr-2017 12:41,71.0
28-Apr-2017 12:47,28-Apr-2017 12:47,68.0
28-Apr-2017 12:52,28-Apr-2017 12:52,71.0
28-Apr-2017 12:54,28-Apr-2017 12:54,69.0
28-Apr-2017 13:03,28-Apr-2017 13:03,70.0
28-Apr-2017 13:05,28-Apr-2017 13:05,73.0
28-Apr-2017 13:12,28-Apr-2017 13:12,74.0
28-Apr-2017 13:18,28-Apr-2017 13:18,74.0
28-Apr-2017 13:22,28-Apr-2017 13:22,89.0
28-Apr-2017 13:28,28-Apr-2017 13:28,70.0
28-Apr-2017 13:41,28-Apr-2017 13:41,89.0
28-Apr-2017 13:46,28-Apr-2017 13:46,73.0
28-Apr-2017 13:50,28-Apr-2017 13:50,71.0
28-Apr-2017 14:01,28-Apr-2017 14:01,72.0
28-Apr-2017 14:06,28-Apr-2017 14:06,72.0
28-Apr-2017 14:08,28-Apr-2017 14:08,73.0
28-Apr-2017 14:18,28-Apr-2017 14:18,74.0
28-Apr-2017 14:22,28-Apr-2017 14:22,76.0
28-Apr-2017 14:26,28-Apr-2017 14:26,74.0
28-Apr-2017 14:35,28-Apr-2017 14:35,72.0
28-Apr-2017 14:42,28-Apr-2017 14:42,75.0
28-Apr-2017 14:47,28-Apr-2017 14:47,81.0
28-Apr-2017 14:50,28-Apr-2017 14:50,74.0
28-Apr-2017 14:56,28-Apr-2017 14:56,89.0
28-Apr-2017 15:11,28-Apr-2017 15:11,84.0
28-Apr-2017 15:24,28-Apr-2017 15:24,74.0
28-Apr-2017 15:30,28-Apr-2017 15:30,81.0
28-Apr-2017 15:32,28-Apr-2017 15:32,74.0
28-Apr-2017 15:40,28-Apr-2017 15:40,75.0
28-Apr-2017 15:44,28-Apr-2017 15:44,74.0
28-Apr-2017 15:49,28-Apr-2017 15:49,75.0
28-Apr-2017 15:55,28-Apr-2017 15:55,74.0
28-Apr-2017 16:01,28-Apr-2017 16:01,74.0
28-Apr-2017 16:04,28-Apr-2017 16:04,75.0
28-Apr-2017 16:11,28-Apr-2017 16:11,81.0
28-Apr-2017 16:13,28-Apr-2017 16:13,81.0
28-Apr-2017 16:19,28-Apr-2017 16:19,74.0
28-Apr-2017 16:26,28-Apr-2017 16:26,81.0
28-Apr-2017 16:30,28-Apr-2017 16:30,76.0
28-Apr-2017 16:34,28-Apr-2017 16:34,78.0
28-Apr-2017 16:41,28-Apr-2017 16:41,74.0
28-Apr-2017 16:46,28-Apr-2017 16:46,74.0
28-Apr-2017 16:53,28-Apr-2017 16:53,71.0
28-Apr-2017 16:57,28-Apr-2017 16:57,70.0
28-Apr-2017 17:02,28-Apr-2017 17:02,74.0
28-Apr-2017 17:04,28-Apr-2017 17:04,78.0
28-Apr-2017 17:12,28-Apr-2017 17:12,76.0
28-Apr-2017 17:16,28-Apr-2017 17:16,69.0
28-Apr-2017 17:19,28-Apr-2017 17:19,70.0
28-Apr-2017 17:28,28-Apr-2017 17:28,71.0
28-Apr-2017 17:33,28-Apr-2017 17:33,90.0
28-Apr-2017 19:01,28-Apr-2017 19:01,94.0
28-Apr-2017 19:11,28-Apr-2017 19:11,74.0
28-Apr-2017 19:14,28-Apr-2017 19:14,88.0
28-Apr-2017 19:19,28-Apr-2017 19:19,83.0
28-Apr-2017 19:30,28-Apr-2017 19:30,72.0
28-Apr-2017 19:32,28-Apr-2017 19:32,74.0
28-Apr-2017 19:42,28-Apr-2017 19:42,79.0
28-Apr-2017 19:50,28-Apr-2017 19:50,93.0
28-Apr-2017 19:55,28-Apr-2017 19:55,79.0
28-Apr-2017 19:58,28-Apr-2017 19:58,80.0
28-Apr-2017 20:01,28-Apr-2017 20:01,78.0
28-Apr-2017 20:02,28-Apr-2017 20:02,78.0
28-Apr-2017 20:35,28-Apr-2017 20:35,99.0
28-Apr-2017 20:49,28-Apr-2017 20:49,62.0
28-Apr-2017 20:55,28-Apr-2017 20:55,77.0
28-Apr-2017 20:59,28-Apr-2017 20:59,81.0
28-Apr-2017 21:03,28-Apr-2017 21:03,81.0
28-Apr-2017 21:05,28-Apr-2017 21:05,88.0
28-Apr-2017 21:18,28-Apr-2017 21:18,74.0
28-Apr-2017 21:21,28-Apr-2017 21:21,73.0
28-Apr-2017 21:34,28-Apr-2017 21:34,88.0
28-Apr-2017 21:40,28-Apr-2017 21:40,85.0
28-Apr-2017 21:45,28-Apr-2017 21:45,81.0
28-Apr-2017 21:47,28-Apr-2017 21:47,75.0
28-Apr-2017 21:51,28-Apr-2017 21:51,81.0
28-Apr-2017 22:00,28-Apr-2017 22:00,72.0
28-Apr-2017 22:01,28-Apr-2017 22:01,73.0
28-Apr-2017 22:11,28-Apr-2017 22:11,74.0
28-Apr-2017 22:12,28-Apr-2017 22:12,71.0
28-Apr-2017 22:15,28-Apr-2017 22:15,75.0
28-Apr-2017 22:24,28-Apr-2017 22:24,74.0
28-Apr-2017 22:28,28-Apr-2017 22:28,83.0
28-Apr-2017 22:33,28-Apr-2017 22:33,77.0
28-Apr-2017 22:39,28-Apr-2017 22:39,76.0
28-Apr-2017 22:42,28-Apr-2017 22:42,59.0
28-Apr-2017 22:50,28-Apr-2017 22:50,64.0
28-Apr-2017 23:02,28-Apr-2017 23:02,72.0
28-Apr-2017 23:13,28-Apr-2017 23:13,74.0
28-Apr-2017 23:15,28-Apr-2017 23:15,75.0
28-Apr-2017 23:22,28-Apr-2017 23:22,79.0
28-Apr-2017 23:33,28-Apr-2017 23:33,75.0
28-Apr-2017 23:41,28-Apr-2017 23:41,71.0
28-Apr-2017 23:42,28-Apr-2017 23:42,69.0
28-Apr-2017 23:44,28-Apr-2017 23:44,82.0
29-Apr-2017 08:36,29-Apr-2017 08:36,79.0
29-Apr-2017 08:50,29-Apr-2017 08:50,77.0
29-Apr-2017 08:52,29-Apr-2017 08:52,81.0
29-Apr-2017 09:02,29-Apr-2017 09:02,81.0
29-Apr-2017 09:03,29-Apr-2017 09:03,83.0
29-Apr-2017 09:44,29-Apr-2017 09:44,106.0
29-Apr-2017 09:48,29-Apr-2017 09:48,74.0
29-Apr-2017 09:57,29-Apr-2017 09:57,75.0
29-Apr-2017 10:01,29-Apr-2017 10:01,78.0
29-Apr-2017 10:04,29-Apr-2017 10:04,72.0
29-Apr-2017 10:09,29-Apr-2017 10:09,75.0
29-Apr-2017 10:15,29-Apr-2017 10:15,61.0
29-Apr-2017 10:20,29-Apr-2017 10:20,77.0
29-Apr-2017 10:25,29-Apr-2017 10:25,74.0
29-Apr-2017 10:29,29-Apr-2017 10:29,75.0
29-Apr-2017 10:33,29-Apr-2017 10:33,74.0
29-Apr-2017 10:40,29-Apr-2017 10:40,76.0
29-Apr-2017 10:49,29-Apr-2017 10:49,81.0
29-Apr-2017 10:52,29-Apr-2017 10:52,77.0
29-Apr-2017 10:56,29-Apr-2017 10:56,82.0
29-Apr-2017 10:59,29-Apr-2017 10:59,79.0
29-Apr-2017 11:08,29-Apr-2017 11:08,79.0
29-Apr-2017 11:09,29-Apr-2017 11:09,86.0
29-Apr-2017 11:14,29-Apr-2017 11:14,73.0
29-Apr-2017 11:19,29-Apr-2017 11:19,77.0
29-Apr-2017 11:24,29-Apr-2017 11:24,72.0
29-Apr-2017 11:33,29-Apr-2017 11:33,74.0
29-Apr-2017 11:34,29-Apr-2017 11:34,77.0
29-Apr-2017 11:40,29-Apr-2017 11:40,71.0
29-Apr-2017 11:47,29-Apr-2017 11:47,73.0
29-Apr-2017 11:51,29-Apr-2017 11:51,78.0
29-Apr-2017 11:56,29-Apr-2017 11:56,82.0
29-Apr-2017 12:32,29-Apr-2017 12:32,69.0
29-Apr-2017 12:34,29-Apr-2017 12:34,72.0
29-Apr-2017 12:41,29-Apr-2017 12:41,76.0
29-Apr-2017 12:46,29-Apr-2017 12:46,65.0
29-Apr-2017 12:53,29-Apr-2017 12:53,70.0
29-Apr-2017 12:56,29-Apr-2017 12:56,72.0
29-Apr-2017 13:00,29-Apr-2017 13:00,68.0
29-Apr-2017 13:06,29-Apr-2017 13:06,69.0
29-Apr-2017 13:10,29-Apr-2017 13:10,74.0
29-Apr-2017 13:11,29-Apr-2017 13:11,73.0
29-Apr-2017 13:18,29-Apr-2017 13:18,76.0
29-Apr-2017 13:36,29-Apr-2017 13:36,63.0
29-Apr-2017 13:46,29-Apr-2017 13:46,77.0
29-Apr-2017 13:51,29-Apr-2017 13:51,76.0
29-Apr-2017 13:54,29-Apr-2017 13:54,77.0
29-Apr-2017 13:59,29-Apr-2017 13:59,78.0
29-Apr-2017 13:59,29-Apr-2017 13:59,78.0
29-Apr-2017 13:59,29-Apr-2017 13:59,78.0
29-Apr-2017 13:59,29-Apr-2017 13:59,78.0
29-Apr-2017 13:59,29-Apr-2017 13:59,78.0
29-Apr-2017 13:59,29-Apr-2017 13:59,74.0
29-Apr-2017 13:59,29-Apr-2017 13:59,73.0
29-Apr-2017 13:59,29-Apr-2017 13:59,76.0
29-Apr-2017 13:59,29-Apr-2017 13:59,74.0
29-Apr-2017 14:00,29-Apr-2017 14:00,74.0
29-Apr-2017 14:00,29-Apr-2017 14:00,74.0
29-Apr-2017 14:00,29-Apr-2017 14:00,74.0
29-Apr-2017 14:00,29-Apr-2017 14:00,89.0
29-Apr-2017 14:00,29-Apr-2017 14:00,89.0
29-Apr-2017 14:00,29-Apr-2017 14:00,89.0
29-Apr-2017 14:00,29-Apr-2017 14:00,89.0
29-Apr-2017 14:00,29-Apr-2017 14:00,89.0
29-Apr-2017 14:00,29-Apr-2017 14:00,89.0
29-Apr-2017 14:00,29-Apr-2017 14:00,87.0
29-Apr-2017 14:00,29-Apr-2017 14:00,85.0
29-Apr-2017 14:01,29-Apr-2017 14:01,85.0
29-Apr-2017 14:01,29-Apr-2017 14:01,83.0
29-Apr-2017 14:01,29-Apr-2017 14:01,83.0
29-Apr-2017 14:01,29-Apr-2017 14:01,85.0
29-Apr-2017 14:01,29-Apr-2017 14:01,83.0
29-Apr-2017 14:01,29-Apr-2017 14:01,73.0
29-Apr-2017 14:01,29-Apr-2017 14:01,90.0
29-Apr-2017 14:01,29-Apr-2017 14:01,91.0
29-Apr-2017 14:01,29-Apr-2017 14:01,92.0
29-Apr-2017 14:02,29-Apr-2017 14:02,92.0
29-Apr-2017 14:02,29-Apr-2017 14:02,92.0
29-Apr-2017 14:02,29-Apr-2017 14:02,92.0
29-Apr-2017 14:02,29-Apr-2017 14:02,92.0
29-Apr-2017 14:02,29-Apr-2017 14:02,87.0
29-Apr-2017 14:02,29-Apr-2017 14:02,89.0
29-Apr-2017 14:02,29-Apr-2017 14:02,86.0
29-Apr-2017 14:02,29-Apr-2017 14:02,87.0
29-Apr-2017 14:02,29-Apr-2017 14:02,87.0
29-Apr-2017 14:02,29-Apr-2017 14:02,87.0
29-Apr-2017 14:02,29-Apr-2017 14:02,86.0
29-Apr-2017 14:02,29-Apr-2017 14:02,83.0
29-Apr-2017 14:03,29-Apr-2017 14:03,83.0
29-Apr-2017 14:03,29-Apr-2017 14:03,83.0
29-Apr-2017 14:03,29-Apr-2017 14:03,83.0
29-Apr-2017 14:03,29-Apr-2017 14:03,83.0
29-Apr-2017 14:03,29-Apr-2017 14:03,83.0
29-Apr-2017 14:03,29-Apr-2017 14:03,83.0
29-Apr-2017 14:03,29-Apr-2017 14:03,85.0
29-Apr-2017 14:03,29-Apr-2017 14:03,87.0
29-Apr-2017 14:03,29-Apr-2017 14:03,90.0
29-Apr-2017 14:03,29-Apr-2017 14:03,90.0
29-Apr-2017 14:04,29-Apr-2017 14:04,132.0
29-Apr-2017 14:04,29-Apr-2017 14:04,132.0
29-Apr-2017 14:04,29-Apr-2017 14:04,133.0
29-Apr-2017 14:04,29-Apr-2017 14:04,130.0
29-Apr-2017 14:04,29-Apr-2017 14:04,124.0
29-Apr-2017 14:04,29-Apr-2017 14:04,119.0
29-Apr-2017 14:04,29-Apr-2017 14:04,118.0
29-Apr-2017 14:05,29-Apr-2017 14:05,118.0
29-Apr-2017 14:05,29-Apr-2017 14:05,117.0
29-Apr-2017 14:05,29-Apr-2017 14:05,94.0
29-Apr-2017 14:05,29-Apr-2017 14:05,91.0
29-Apr-2017 14:05,29-Apr-2017 14:05,94.0
29-Apr-2017 14:05,29-Apr-2017 14:05,94.0
29-Apr-2017 14:05,29-Apr-2017 14:05,95.0
29-Apr-2017 14:05,29-Apr-2017 14:05,92.0
29-Apr-2017 14:05,29-Apr-2017 14:05,92.0
29-Apr-2017 14:05,29-Apr-2017 14:05,91.0
29-Apr-2017 14:05,29-Apr-2017 14:05,89.0
29-Apr-2017 14:05,29-Apr-2017 14:05,89.0
29-Apr-2017 14:06,29-Apr-2017 14:06,86.0
29-Apr-2017 14:06,29-Apr-2017 14:06,85.0
29-Apr-2017 14:06,29-Apr-2017 14:06,83.0
29-Apr-2017 14:06,29-Apr-2017 14:06,83.0
29-Apr-2017 14:06,29-Apr-2017 14:06,83.0
29-Apr-2017 14:06,29-Apr-2017 14:06,83.0
29-Apr-2017 14:06,29-Apr-2017 14:06,83.0
29-Apr-2017 14:06,29-Apr-2017 14:06,83.0
29-Apr-2017 14:06,29-Apr-2017 14:06,83.0
29-Apr-2017 14:06,29-Apr-2017 14:06,96.0
29-Apr-2017 14:07,29-Apr-2017 14:07,119.0
29-Apr-2017 14:07,29-Apr-2017 14:07,119.0
29-Apr-2017 14:07,29-Apr-2017 14:07,119.0
29-Apr-2017 14:07,29-Apr-2017 14:07,81.0
29-Apr-2017 14:08,29-Apr-2017 14:08,81.0
29-Apr-2017 14:08,29-Apr-2017 14:08,81.0
29-Apr-2017 14:08,29-Apr-2017 14:08,83.0
29-Apr-2017 14:08,29-Apr-2017 14:08,83.0
29-Apr-2017 14:08,29-Apr-2017 14:08,81.0
29-Apr-2017 14:08,29-Apr-2017 14:08,82.0
29-Apr-2017 14:08,29-Apr-2017 14:08,85.0
29-Apr-2017 14:08,29-Apr-2017 14:08,83.0
29-Apr-2017 14:08,29-Apr-2017 14:08,83.0
29-Apr-2017 14:08,29-Apr-2017 14:08,86.0
29-Apr-2017 14:08,29-Apr-2017 14:08,87.0
29-Apr-2017 14:08,29-Apr-2017 14:08,87.0
29-Apr-2017 14:09,29-Apr-2017 14:09,87.0
29-Apr-2017 14:09,29-Apr-2017 14:09,87.0
29-Apr-2017 14:09,29-Apr-2017 14:09,85.0
29-Apr-2017 14:09,29-Apr-2017 14:09,85.0
29-Apr-2017 14:09,29-Apr-2017 14:09,85.0
29-Apr-2017 14:09,29-Apr-2017 14:09,86.0
29-Apr-2017 14:09,29-Apr-2017 14:09,90.0
29-Apr-2017 14:09,29-Apr-2017 14:09,94.0
29-Apr-2017 14:09,29-Apr-2017 14:09,90.0
29-Apr-2017 14:09,29-Apr-2017 14:09,89.0
29-Apr-2017 14:09,29-Apr-2017 14:09,94.0
29-Apr-2017 14:09,29-Apr-2017 14:09,94.0
29-Apr-2017 14:10,29-Apr-2017 14:10,94.0
29-Apr-2017 14:10,29-Apr-2017 14:10,94.0
29-Apr-2017 14:10,29-Apr-2017 14:10,95.0
29-Apr-2017 14:10,29-Apr-2017 14:10,95.0
29-Apr-2017 14:10,29-Apr-2017 14:10,94.0
29-Apr-2017 14:10,29-Apr-2017 14:10,110.0
29-Apr-2017 14:10,29-Apr-2017 14:10,131.0
29-Apr-2017 14:11,29-Apr-2017 14:11,120.0
29-Apr-2017 14:11,29-Apr-2017 14:11,146.0
29-Apr-2017 14:11,29-Apr-2017 14:11,146.0
29-Apr-2017 14:11,29-Apr-2017 14:11,143.0
29-Apr-2017 14:11,29-Apr-2017 14:11,141.0
29-Apr-2017 14:11,29-Apr-2017 14:11,141.0
29-Apr-2017 14:11,29-Apr-2017 14:11,135.0
29-Apr-2017 14:11,29-Apr-2017 14:11,135.0
29-Apr-2017 14:11,29-Apr-2017 14:11,117.0
29-Apr-2017 14:12,29-Apr-2017 14:12,115.0
29-Apr-2017 14:12,29-Apr-2017 14:12,112.0
29-Apr-2017 14:12,29-Apr-2017 14:12,96.0
29-Apr-2017 14:12,29-Apr-2017 14:12,94.0
29-Apr-2017 14:12,29-Apr-2017 14:12,91.0
29-Apr-2017 14:12,29-Apr-2017 14:12,91.0
29-Apr-2017 14:12,29-Apr-2017 14:12,92.0
29-Apr-2017 14:12,29-Apr-2017 14:12,92.0
29-Apr-2017 14:12,29-Apr-2017 14:12,92.0
29-Apr-2017 14:12,29-Apr-2017 14:12,92.0
29-Apr-2017 14:12,29-Apr-2017 14:12,92.0
29-Apr-2017 14:12,29-Apr-2017 14:12,83.0
29-Apr-2017 14:13,29-Apr-2017 14:13,83.0
29-Apr-2017 14:13,29-Apr-2017 14:13,83.0
29-Apr-2017 14:13,29-Apr-2017 14:13,83.0
29-Apr-2017 14:13,29-Apr-2017 14:13,86.0
29-Apr-2017 14:13,29-Apr-2017 14:13,87.0
29-Apr-2017 14:13,29-Apr-2017 14:13,90.0
29-Apr-2017 14:13,29-Apr-2017 14:13,95.0
29-Apr-2017 14:13,29-Apr-2017 14:13,85.0
29-Apr-2017 14:14,29-Apr-2017 14:14,142.0
29-Apr-2017 14:14,29-Apr-2017 14:14,139.0
29-Apr-2017 14:14,29-Apr-2017 14:14,137.0
29-Apr-2017 14:15,29-Apr-2017 14:15,132.0
29-Apr-2017 14:15,29-Apr-2017 14:15,132.0
29-Apr-2017 14:15,29-Apr-2017 14:15,132.0
29-Apr-2017 14:15,29-Apr-2017 14:15,132.0
29-Apr-2017 14:15,29-Apr-2017 14:15,132.0
29-Apr-2017 14:15,29-Apr-2017 14:15,131.0
29-Apr-2017 14:15,29-Apr-2017 14:15,132.0
29-Apr-2017 14:15,29-Apr-2017 14:15,132.0
29-Apr-2017 14:16,29-Apr-2017 14:16,86.0
29-Apr-2017 14:16,29-Apr-2017 14:16,87.0
29-Apr-2017 14:16,29-Apr-2017 14:16,87.0
29-Apr-2017 14:16,29-Apr-2017 14:16,83.0
29-Apr-2017 14:16,29-Apr-2017 14:16,86.0
29-Apr-2017 14:16,29-Apr-2017 14:16,86.0
29-Apr-2017 14:16,29-Apr-2017 14:16,85.0
29-Apr-2017 14:18,29-Apr-2017 14:18,91.0
29-Apr-2017 14:19,29-Apr-2017 14:19,150.0
29-Apr-2017 14:19,29-Apr-2017 14:19,143.0
29-Apr-2017 14:19,29-Apr-2017 14:19,143.0
29-Apr-2017 14:19,29-Apr-2017 14:19,142.0
29-Apr-2017 14:20,29-Apr-2017 14:20,116.0
29-Apr-2017 14:20,29-Apr-2017 14:20,87.0
29-Apr-2017 14:20,29-Apr-2017 14:20,92.0
29-Apr-2017 14:20,29-Apr-2017 14:20,86.0
29-Apr-2017 14:21,29-Apr-2017 14:21,113.0
29-Apr-2017 14:21,29-Apr-2017 14:21,109.0
29-Apr-2017 14:21,29-Apr-2017 14:21,107.0
29-Apr-2017 14:21,29-Apr-2017 14:21,106.0
29-Apr-2017 14:21,29-Apr-2017 14:21,104.0
29-Apr-2017 14:21,29-Apr-2017 14:21,105.0
29-Apr-2017 14:21,29-Apr-2017 14:21,105.0
29-Apr-2017 14:21,29-Apr-2017 14:21,100.0
29-Apr-2017 14:21,29-Apr-2017 14:21,102.0
29-Apr-2017 14:21,29-Apr-2017 14:21,103.0
29-Apr-2017 14:21,29-Apr-2017 14:21,105.0
29-Apr-2017 14:21,29-Apr-2017 14:21,108.0
29-Apr-2017 14:22,29-Apr-2017 14:22,109.0
29-Apr-2017 14:22,29-Apr-2017 14:22,111.0
29-Apr-2017 14:22,29-Apr-2017 14:22,111.0
29-Apr-2017 14:22,29-Apr-2017 14:22,111.0
29-Apr-2017 14:22,29-Apr-2017 14:22,111.0
29-Apr-2017 14:22,29-Apr-2017 14:22,110.0
29-Apr-2017 14:22,29-Apr-2017 14:22,110.0
29-Apr-2017 14:22,29-Apr-2017 14:22,108.0
29-Apr-2017 14:22,29-Apr-2017 14:22,108.0
29-Apr-2017 14:22,29-Apr-2017 14:22,107.0
29-Apr-2017 14:22,29-Apr-2017 14:22,118.0
29-Apr-2017 14:22,29-Apr-2017 14:22,116.0
29-Apr-2017 14:23,29-Apr-2017 14:23,117.0
29-Apr-2017 14:23,29-Apr-2017 14:23,116.0
29-Apr-2017 14:23,29-Apr-2017 14:23,115.0
29-Apr-2017 14:23,29-Apr-2017 14:23,116.0
29-Apr-2017 14:23,29-Apr-2017 14:23,117.0
29-Apr-2017 14:23,29-Apr-2017 14:23,121.0
29-Apr-2017 14:23,29-Apr-2017 14:23,126.0
29-Apr-2017 14:23,29-Apr-2017 14:23,126.0
29-Apr-2017 14:23,29-Apr-2017 14:23,127.0
29-Apr-2017 14:23,29-Apr-2017 14:23,127.0
29-Apr-2017 14:23,29-Apr-2017 14:23,127.0
29-Apr-2017 14:23,29-Apr-2017 14:23,126.0
29-Apr-2017 14:24,29-Apr-2017 14:24,126.0
29-Apr-2017 14:24,29-Apr-2017 14:24,118.0
29-Apr-2017 14:24,29-Apr-2017 14:24,116.0
29-Apr-2017 14:24,29-Apr-2017 14:24,115.0
29-Apr-2017 14:24,29-Apr-2017 14:24,115.0
29-Apr-2017 14:25,29-Apr-2017 14:25,135.0
29-Apr-2017 14:26,29-Apr-2017 14:26,135.0
29-Apr-2017 14:26,29-Apr-2017 14:26,132.0
29-Apr-2017 14:26,29-Apr-2017 14:26,133.0
29-Apr-2017 14:26,29-Apr-2017 14:26,127.0
29-Apr-2017 14:26,29-Apr-2017 14:26,125.0
29-Apr-2017 14:26,29-Apr-2017 14:26,123.0
29-Apr-2017 14:26,29-Apr-2017 14:26,120.0
29-Apr-2017 14:26,29-Apr-2017 14:26,120.0
29-Apr-2017 14:26,29-Apr-2017 14:26,119.0
29-Apr-2017 14:26,29-Apr-2017 14:26,113.0
29-Apr-2017 14:26,29-Apr-2017 14:26,113.0
29-Apr-2017 14:26,29-Apr-2017 14:26,104.0
29-Apr-2017 14:27,29-Apr-2017 14:27,104.0
29-Apr-2017 14:27,29-Apr-2017 14:27,104.0
29-Apr-2017 14:27,29-Apr-2017 14:27,105.0
29-Apr-2017 14:27,29-Apr-2017 14:27,106.0
29-Apr-2017 14:27,29-Apr-2017 14:27,104.0
29-Apr-2017 14:27,29-Apr-2017 14:27,113.0
29-Apr-2017 14:27,29-Apr-2017 14:27,114.0
29-Apr-2017 14:27,29-Apr-2017 14:27,116.0
29-Apr-2017 14:27,29-Apr-2017 14:27,116.0
29-Apr-2017 14:27,29-Apr-2017 14:27,116.0
29-Apr-2017 14:27,29-Apr-2017 14:27,115.0
29-Apr-2017 14:27,29-Apr-2017 14:27,115.0
29-Apr-2017 14:28,29-Apr-2017 14:28,117.0
29-Apr-2017 14:28,29-Apr-2017 14:28,121.0
29-Apr-2017 14:28,29-Apr-2017 14:28,121.0
29-Apr-2017 14:28,29-Apr-2017 14:28,121.0
29-Apr-2017 14:28,29-Apr-2017 14:28,121.0
29-Apr-2017 14:29,29-Apr-2017 14:29,85.0
29-Apr-2017 14:29,29-Apr-2017 14:29,83.0
29-Apr-2017 14:29,29-Apr-2017 14:29,83.0
29-Apr-2017 14:29,29-Apr-2017 14:29,83.0
29-Apr-2017 14:29,29-Apr-2017 14:29,83.0
29-Apr-2017 14:30,29-Apr-2017 14:30,94.0
29-Apr-2017 14:30,29-Apr-2017 14:30,92.0
29-Apr-2017 14:30,29-Apr-2017 14:30,86.0
29-Apr-2017 14:31,29-Apr-2017 14:31,86.0
29-Apr-2017 14:31,29-Apr-2017 14:31,86.0
29-Apr-2017 14:31,29-Apr-2017 14:31,85.0
29-Apr-2017 14:31,29-Apr-2017 14:31,85.0
29-Apr-2017 14:31,29-Apr-2017 14:31,85.0
29-Apr-2017 14:31,29-Apr-2017 14:31,85.0
29-Apr-2017 14:31,29-Apr-2017 14:31,83.0
29-Apr-2017 14:31,29-Apr-2017 14:31,83.0
29-Apr-2017 14:31,29-Apr-2017 14:31,83.0
29-Apr-2017 14:31,29-Apr-2017 14:31,83.0
29-Apr-2017 14:31,29-Apr-2017 14:31,83.0
29-Apr-2017 14:32,29-Apr-2017 14:32,83.0
29-Apr-2017 14:33,29-Apr-2017 14:33,76.0
29-Apr-2017 14:33,29-Apr-2017 14:33,85.0
29-Apr-2017 14:33,29-Apr-2017 14:33,74.0
29-Apr-2017 14:34,29-Apr-2017 14:34,74.0
29-Apr-2017 14:34,29-Apr-2017 14:34,74.0
29-Apr-2017 14:34,29-Apr-2017 14:34,77.0
29-Apr-2017 14:35,29-Apr-2017 14:35,125.0
29-Apr-2017 14:35,29-Apr-2017 14:35,126.0
29-Apr-2017 14:35,29-Apr-2017 14:35,123.0
29-Apr-2017 14:35,29-Apr-2017 14:35,122.0
29-Apr-2017 14:35,29-Apr-2017 14:35,123.0
29-Apr-2017 14:35,29-Apr-2017 14:35,123.0
29-Apr-2017 14:35,29-Apr-2017 14:35,123.0
29-Apr-2017 14:35,29-Apr-2017 14:35,124.0
29-Apr-2017 14:35,29-Apr-2017 14:35,126.0
29-Apr-2017 14:35,29-Apr-2017 14:35,130.0
29-Apr-2017 14:36,29-Apr-2017 14:36,135.0
29-Apr-2017 14:36,29-Apr-2017 14:36,137.0
29-Apr-2017 14:36,29-Apr-2017 14:36,137.0
29-Apr-2017 14:36,29-Apr-2017 14:36,132.0
29-Apr-2017 14:36,29-Apr-2017 14:36,132.0
29-Apr-2017 14:36,29-Apr-2017 14:36,132.0
29-Apr-2017 14:36,29-Apr-2017 14:36,123.0
29-Apr-2017 14:36,29-Apr-2017 14:36,122.0
29-Apr-2017 14:36,29-Apr-2017 14:36,122.0
29-Apr-2017 14:36,29-Apr-2017 14:36,122.0
29-Apr-2017 14:36,29-Apr-2017 14:36,122.0
29-Apr-2017 14:36,29-Apr-2017 14:36,122.0
29-Apr-2017 14:37,29-Apr-2017 14:37,110.0
29-Apr-2017 14:37,29-Apr-2017 14:37,111.0
29-Apr-2017 14:37,29-Apr-2017 14:37,109.0
29-Apr-2017 14:37,29-Apr-2017 14:37,124.0
29-Apr-2017 14:37,29-Apr-2017 14:37,127.0
29-Apr-2017 14:37,29-Apr-2017 14:37,126.0
29-Apr-2017 14:37,29-Apr-2017 14:37,127.0
29-Apr-2017 14:37,29-Apr-2017 14:37,128.0
29-Apr-2017 14:37,29-Apr-2017 14:37,127.0
29-Apr-2017 14:37,29-Apr-2017 14:37,126.0
29-Apr-2017 14:37,29-Apr-2017 14:37,118.0
29-Apr-2017 14:38,29-Apr-2017 14:38,117.0
29-Apr-2017 14:38,29-Apr-2017 14:38,114.0
29-Apr-2017 14:38,29-Apr-2017 14:38,110.0
29-Apr-2017 14:38,29-Apr-2017 14:38,110.0
29-Apr-2017 14:38,29-Apr-2017 14:38,111.0
29-Apr-2017 14:38,29-Apr-2017 14:38,118.0
29-Apr-2017 14:38,29-Apr-2017 14:38,121.0
29-Apr-2017 14:38,29-Apr-2017 14:38,121.0
29-Apr-2017 14:38,29-Apr-2017 14:38,120.0
29-Apr-2017 14:38,29-Apr-2017 14:38,119.0
29-Apr-2017 14:38,29-Apr-2017 14:38,119.0
29-Apr-2017 14:39,29-Apr-2017 14:39,119.0
29-Apr-2017 14:39,29-Apr-2017 14:39,121.0
29-Apr-2017 14:39,29-Apr-2017 14:39,123.0
29-Apr-2017 14:39,29-Apr-2017 14:39,116.0
29-Apr-2017 14:39,29-Apr-2017 14:39,118.0
29-Apr-2017 14:39,29-Apr-2017 14:39,120.0
29-Apr-2017 14:39,29-Apr-2017 14:39,120.0
29-Apr-2017 14:39,29-Apr-2017 14:39,121.0
29-Apr-2017 14:39,29-Apr-2017 14:39,105.0
29-Apr-2017 14:39,29-Apr-2017 14:39,103.0
29-Apr-2017 14:39,29-Apr-2017 14:39,105.0
29-Apr-2017 14:40,29-Apr-2017 14:40,106.0
29-Apr-2017 14:40,29-Apr-2017 14:40,107.0
29-Apr-2017 14:40,29-Apr-2017 14:40,106.0
29-Apr-2017 14:40,29-Apr-2017 14:40,112.0
29-Apr-2017 14:40,29-Apr-2017 14:40,113.0
29-Apr-2017 14:40,29-Apr-2017 14:40,113.0
29-Apr-2017 14:40,29-Apr-2017 14:40,115.0
29-Apr-2017 14:40,29-Apr-2017 14:40,113.0
29-Apr-2017 14:40,29-Apr-2017 14:40,113.0
29-Apr-2017 14:40,29-Apr-2017 14:40,114.0
29-Apr-2017 14:40,29-Apr-2017 14:40,114.0
29-Apr-2017 14:40,29-Apr-2017 14:40,114.0
29-Apr-2017 14:41,29-Apr-2017 14:41,114.0
29-Apr-2017 14:41,29-Apr-2017 14:41,114.0
29-Apr-2017 14:41,29-Apr-2017 14:41,109.0
29-Apr-2017 14:41,29-Apr-2017 14:41,108.0
29-Apr-2017 14:41,29-Apr-2017 14:41,108.0
29-Apr-2017 14:41,29-Apr-2017 14:41,108.0
29-Apr-2017 14:41,29-Apr-2017 14:41,108.0
29-Apr-2017 14:41,29-Apr-2017 14:41,108.0
29-Apr-2017 14:41,29-Apr-2017 14:41,108.0
29-Apr-2017 14:41,29-Apr-2017 14:41,108.0
29-Apr-2017 14:41,29-Apr-2017 14:41,108.0
29-Apr-2017 14:41,29-Apr-2017 14:41,113.0
29-Apr-2017 14:42,29-Apr-2017 14:42,118.0
29-Apr-2017 14:42,29-Apr-2017 14:42,120.0
29-Apr-2017 14:42,29-Apr-2017 14:42,121.0
29-Apr-2017 14:42,29-Apr-2017 14:42,121.0
29-Apr-2017 14:42,29-Apr-2017 14:42,126.0
29-Apr-2017 14:42,29-Apr-2017 14:42,127.0
29-Apr-2017 14:42,29-Apr-2017 14:42,127.0
29-Apr-2017 14:42,29-Apr-2017 14:42,127.0
29-Apr-2017 14:42,29-Apr-2017 14:42,113.0
29-Apr-2017 14:42,29-Apr-2017 14:42,113.0
29-Apr-2017 14:42,29-Apr-2017 14:42,113.0
29-Apr-2017 14:42,29-Apr-2017 14:42,113.0
29-Apr-2017 14:43,29-Apr-2017 14:43,113.0
29-Apr-2017 14:43,29-Apr-2017 14:43,104.0
29-Apr-2017 14:43,29-Apr-2017 14:43,110.0
29-Apr-2017 14:43,29-Apr-2017 14:43,116.0
29-Apr-2017 14:43,29-Apr-2017 14:43,114.0
29-Apr-2017 14:43,29-Apr-2017 14:43,112.0
29-Apr-2017 14:43,29-Apr-2017 14:43,113.0
29-Apr-2017 14:43,29-Apr-2017 14:43,113.0
29-Apr-2017 14:43,29-Apr-2017 14:43,113.0
29-Apr-2017 14:43,29-Apr-2017 14:43,115.0
29-Apr-2017 14:43,29-Apr-2017 14:43,115.0
29-Apr-2017 14:43,29-Apr-2017 14:43,117.0
29-Apr-2017 14:44,29-Apr-2017 14:44,117.0
29-Apr-2017 14:44,29-Apr-2017 14:44,117.0
29-Apr-2017 14:44,29-Apr-2017 14:44,117.0
29-Apr-2017 14:44,29-Apr-2017 14:44,118.0
29-Apr-2017 14:44,29-Apr-2017 14:44,118.0
29-Apr-2017 14:44,29-Apr-2017 14:44,120.0
29-Apr-2017 14:44,29-Apr-2017 14:44,120.0
29-Apr-2017 14:44,29-Apr-2017 14:44,118.0
29-Apr-2017 14:44,29-Apr-2017 14:44,115.0
29-Apr-2017 14:44,29-Apr-2017 14:44,115.0
29-Apr-2017 14:44,29-Apr-2017 14:44,109.0
29-Apr-2017 14:44,29-Apr-2017 14:44,112.0
29-Apr-2017 14:45,29-Apr-2017 14:45,112.0
29-Apr-2017 14:45,29-Apr-2017 14:45,112.0
29-Apr-2017 14:45,29-Apr-2017 14:45,112.0
29-Apr-2017 14:45,29-Apr-2017 14:45,112.0
29-Apr-2017 14:45,29-Apr-2017 14:45,111.0
29-Apr-2017 14:45,29-Apr-2017 14:45,111.0
29-Apr-2017 14:45,29-Apr-2017 14:45,110.0
29-Apr-2017 14:45,29-Apr-2017 14:45,110.0
29-Apr-2017 14:45,29-Apr-2017 14:45,107.0
29-Apr-2017 14:45,29-Apr-2017 14:45,108.0
29-Apr-2017 14:45,29-Apr-2017 14:45,107.0
29-Apr-2017 14:45,29-Apr-2017 14:45,108.0
29-Apr-2017 14:46,29-Apr-2017 14:46,108.0
29-Apr-2017 14:46,29-Apr-2017 14:46,109.0
29-Apr-2017 14:46,29-Apr-2017 14:46,108.0
29-Apr-2017 14:46,29-Apr-2017 14:46,109.0
29-Apr-2017 14:46,29-Apr-2017 14:46,108.0
29-Apr-2017 14:46,29-Apr-2017 14:46,108.0
29-Apr-2017 14:46,29-Apr-2017 14:46,108.0
29-Apr-2017 14:46,29-Apr-2017 14:46,108.0
29-Apr-2017 14:46,29-Apr-2017 14:46,108.0
29-Apr-2017 14:46,29-Apr-2017 14:46,107.0
29-Apr-2017 14:46,29-Apr-2017 14:46,106.0
29-Apr-2017 14:46,29-Apr-2017 14:46,106.0
29-Apr-2017 14:47,29-Apr-2017 14:47,106.0
29-Apr-2017 14:47,29-Apr-2017 14:47,113.0
29-Apr-2017 14:47,29-Apr-2017 14:47,120.0
29-Apr-2017 14:47,29-Apr-2017 14:47,120.0
29-Apr-2017 14:47,29-Apr-2017 14:47,118.0
29-Apr-2017 14:47,29-Apr-2017 14:47,117.0
29-Apr-2017 14:47,29-Apr-2017 14:47,117.0
29-Apr-2017 14:47,29-Apr-2017 14:47,113.0
29-Apr-2017 14:47,29-Apr-2017 14:47,112.0
29-Apr-2017 14:47,29-Apr-2017 14:47,105.0
29-Apr-2017 14:47,29-Apr-2017 14:47,106.0
29-Apr-2017 14:47,29-Apr-2017 14:47,105.0
29-Apr-2017 14:48,29-Apr-2017 14:48,104.0
29-Apr-2017 14:48,29-Apr-2017 14:48,104.0
29-Apr-2017 14:48,29-Apr-2017 14:48,105.0
29-Apr-2017 14:48,29-Apr-2017 14:48,103.0
29-Apr-2017 14:48,29-Apr-2017 14:48,102.0
29-Apr-2017 14:48,29-Apr-2017 14:48,101.0
29-Apr-2017 14:48,29-Apr-2017 14:48,101.0
29-Apr-2017 14:48,29-Apr-2017 14:48,102.0
29-Apr-2017 14:48,29-Apr-2017 14:48,102.0
29-Apr-2017 14:48,29-Apr-2017 14:48,102.0
29-Apr-2017 14:48,29-Apr-2017 14:48,94.0
29-Apr-2017 14:48,29-Apr-2017 14:48,100.0
29-Apr-2017 14:49,29-Apr-2017 14:49,98.0
29-Apr-2017 14:49,29-Apr-2017 14:49,104.0
29-Apr-2017 14:49,29-Apr-2017 14:49,99.0
29-Apr-2017 14:49,29-Apr-2017 14:49,105.0
29-Apr-2017 14:49,29-Apr-2017 14:49,105.0
29-Apr-2017 14:49,29-Apr-2017 14:49,105.0
29-Apr-2017 14:49,29-Apr-2017 14:49,105.0
29-Apr-2017 14:49,29-Apr-2017 14:49,105.0
29-Apr-2017 14:49,29-Apr-2017 14:49,109.0
29-Apr-2017 14:49,29-Apr-2017 14:49,105.0
29-Apr-2017 14:49,29-Apr-2017 14:49,103.0
29-Apr-2017 14:49,29-Apr-2017 14:49,101.0
29-Apr-2017 14:50,29-Apr-2017 14:50,103.0
29-Apr-2017 14:50,29-Apr-2017 14:50,102.0
29-Apr-2017 14:50,29-Apr-2017 14:50,106.0
29-Apr-2017 14:50,29-Apr-2017 14:50,107.0
29-Apr-2017 14:50,29-Apr-2017 14:50,106.0
29-Apr-2017 14:50,29-Apr-2017 14:50,106.0
29-Apr-2017 14:50,29-Apr-2017 14:50,108.0
29-Apr-2017 14:50,29-Apr-2017 14:50,108.0
29-Apr-2017 14:50,29-Apr-2017 14:50,105.0
29-Apr-2017 14:50,29-Apr-2017 14:50,101.0
29-Apr-2017 14:50,29-Apr-2017 14:50,104.0
29-Apr-2017 14:50,29-Apr-2017 14:50,105.0
29-Apr-2017 14:51,29-Apr-2017 14:51,105.0
29-Apr-2017 14:51,29-Apr-2017 14:51,104.0
29-Apr-2017 14:51,29-Apr-2017 14:51,104.0
29-Apr-2017 14:51,29-Apr-2017 14:51,107.0
29-Apr-2017 14:51,29-Apr-2017 14:51,113.0
29-Apr-2017 14:51,29-Apr-2017 14:51,117.0
29-Apr-2017 14:52,29-Apr-2017 14:52,112.0
29-Apr-2017 14:52,29-Apr-2017 14:52,108.0
29-Apr-2017 14:52,29-Apr-2017 14:52,104.0
29-Apr-2017 14:52,29-Apr-2017 14:52,103.0
29-Apr-2017 14:52,29-Apr-2017 14:52,99.0
29-Apr-2017 14:52,29-Apr-2017 14:52,100.0
29-Apr-2017 14:52,29-Apr-2017 14:52,101.0
29-Apr-2017 14:52,29-Apr-2017 14:52,111.0
29-Apr-2017 14:52,29-Apr-2017 14:52,110.0
29-Apr-2017 14:52,29-Apr-2017 14:52,106.0
29-Apr-2017 14:53,29-Apr-2017 14:53,106.0
29-Apr-2017 14:53,29-Apr-2017 14:53,108.0
29-Apr-2017 14:53,29-Apr-2017 14:53,106.0
29-Apr-2017 14:53,29-Apr-2017 14:53,96.0
29-Apr-2017 14:53,29-Apr-2017 14:53,96.0
29-Apr-2017 14:53,29-Apr-2017 14:53,96.0
29-Apr-2017 14:53,29-Apr-2017 14:53,94.0
29-Apr-2017 14:53,29-Apr-2017 14:53,94.0
29-Apr-2017 14:53,29-Apr-2017 14:53,95.0
29-Apr-2017 14:53,29-Apr-2017 14:53,96.0
29-Apr-2017 14:53,29-Apr-2017 14:53,103.0
29-Apr-2017 14:53,29-Apr-2017 14:53,99.0
29-Apr-2017 14:54,29-Apr-2017 14:54,98.0
29-Apr-2017 14:54,29-Apr-2017 14:54,95.0
29-Apr-2017 14:54,29-Apr-2017 14:54,94.0
29-Apr-2017 14:54,29-Apr-2017 14:54,106.0
29-Apr-2017 14:54,29-Apr-2017 14:54,105.0
29-Apr-2017 14:54,29-Apr-2017 14:54,104.0
29-Apr-2017 14:54,29-Apr-2017 14:54,102.0
29-Apr-2017 14:54,29-Apr-2017 14:54,105.0
29-Apr-2017 14:54,29-Apr-2017 14:54,106.0
29-Apr-2017 14:54,29-Apr-2017 14:54,107.0
29-Apr-2017 14:54,29-Apr-2017 14:54,106.0
29-Apr-2017 14:54,29-Apr-2017 14:54,91.0
29-Apr-2017 14:55,29-Apr-2017 14:55,86.0
29-Apr-2017 14:55,29-Apr-2017 14:55,102.0
29-Apr-2017 14:55,29-Apr-2017 14:55,102.0
29-Apr-2017 14:55,29-Apr-2017 14:55,102.0
29-Apr-2017 14:55,29-Apr-2017 14:55,108.0
29-Apr-2017 14:55,29-Apr-2017 14:55,110.0
29-Apr-2017 14:55,29-Apr-2017 14:55,110.0
29-Apr-2017 14:55,29-Apr-2017 14:55,113.0
29-Apr-2017 14:55,29-Apr-2017 14:55,113.0
29-Apr-2017 14:56,29-Apr-2017 14:56,113.0
29-Apr-2017 14:56,29-Apr-2017 14:56,103.0
29-Apr-2017 14:56,29-Apr-2017 14:56,106.0
29-Apr-2017 14:56,29-Apr-2017 14:56,104.0
29-Apr-2017 14:56,29-Apr-2017 14:56,106.0
29-Apr-2017 14:56,29-Apr-2017 14:56,105.0
29-Apr-2017 14:56,29-Apr-2017 14:56,104.0
29-Apr-2017 14:56,29-Apr-2017 14:56,103.0
29-Apr-2017 14:56,29-Apr-2017 14:56,102.0
29-Apr-2017 14:56,29-Apr-2017 14:56,98.0
29-Apr-2017 14:56,29-Apr-2017 14:56,98.0
29-Apr-2017 14:57,29-Apr-2017 14:57,96.0
29-Apr-2017 14:57,29-Apr-2017 14:57,94.0
29-Apr-2017 14:57,29-Apr-2017 14:57,94.0
29-Apr-2017 14:57,29-Apr-2017 14:57,94.0
29-Apr-2017 14:57,29-Apr-2017 14:57,92.0
29-Apr-2017 14:57,29-Apr-2017 14:57,92.0
29-Apr-2017 14:57,29-Apr-2017 14:57,90.0
29-Apr-2017 14:57,29-Apr-2017 14:57,90.0
29-Apr-2017 14:57,29-Apr-2017 14:57,90.0
29-Apr-2017 14:57,29-Apr-2017 14:57,91.0
29-Apr-2017 14:57,29-Apr-2017 14:57,90.0
29-Apr-2017 14:57,29-Apr-2017 14:57,86.0
29-Apr-2017 14:58,29-Apr-2017 14:58,87.0
29-Apr-2017 14:58,29-Apr-2017 14:58,89.0
29-Apr-2017 14:58,29-Apr-2017 14:58,90.0
29-Apr-2017 14:58,29-Apr-2017 14:58,87.0
29-Apr-2017 14:58,29-Apr-2017 14:58,103.0
29-Apr-2017 14:58,29-Apr-2017 14:58,103.0
29-Apr-2017 14:58,29-Apr-2017 14:58,104.0
29-Apr-2017 14:58,29-Apr-2017 14:58,104.0
29-Apr-2017 14:58,29-Apr-2017 14:58,102.0
29-Apr-2017 14:58,29-Apr-2017 14:58,103.0
29-Apr-2017 14:59,29-Apr-2017 14:59,103.0
29-Apr-2017 14:59,29-Apr-2017 14:59,98.0
29-Apr-2017 14:59,29-Apr-2017 14:59,98.0
29-Apr-2017 14:59,29-Apr-2017 14:59,98.0
29-Apr-2017 14:59,29-Apr-2017 14:59,100.0
29-Apr-2017 14:59,29-Apr-2017 14:59,100.0
29-Apr-2017 14:59,29-Apr-2017 14:59,105.0
29-Apr-2017 14:59,29-Apr-2017 14:59,105.0
29-Apr-2017 14:59,29-Apr-2017 14:59,105.0
29-Apr-2017 14:59,29-Apr-2017 14:59,101.0
29-Apr-2017 14:59,29-Apr-2017 14:59,99.0
29-Apr-2017 14:59,29-Apr-2017 14:59,99.0
29-Apr-2017 15:00,29-Apr-2017 15:00,98.0
29-Apr-2017 15:00,29-Apr-2017 15:00,96.0
29-Apr-2017 15:00,29-Apr-2017 15:00,94.0
29-Apr-2017 15:00,29-Apr-2017 15:00,92.0
29-Apr-2017 15:00,29-Apr-2017 15:00,87.0
29-Apr-2017 15:00,29-Apr-2017 15:00,83.0
29-Apr-2017 15:00,29-Apr-2017 15:00,86.0
29-Apr-2017 15:00,29-Apr-2017 15:00,83.0
29-Apr-2017 15:00,29-Apr-2017 15:00,83.0
29-Apr-2017 15:00,29-Apr-2017 15:00,82.0
29-Apr-2017 15:00,29-Apr-2017 15:00,83.0
29-Apr-2017 15:00,29-Apr-2017 15:00,85.0
29-Apr-2017 15:01,29-Apr-2017 15:01,89.0
29-Apr-2017 15:01,29-Apr-2017 15:01,80.0
29-Apr-2017 15:01,29-Apr-2017 15:01,85.0
29-Apr-2017 15:01,29-Apr-2017 15:01,86.0
29-Apr-2017 15:01,29-Apr-2017 15:01,86.0
29-Apr-2017 15:01,29-Apr-2017 15:01,86.0
29-Apr-2017 15:01,29-Apr-2017 15:01,87.0
29-Apr-2017 15:01,29-Apr-2017 15:01,87.0
29-Apr-2017 15:01,29-Apr-2017 15:01,86.0
29-Apr-2017 15:01,29-Apr-2017 15:01,87.0
29-Apr-2017 15:01,29-Apr-2017 15:01,87.0
29-Apr-2017 15:01,29-Apr-2017 15:01,89.0
29-Apr-2017 15:02,29-Apr-2017 15:02,86.0
29-Apr-2017 15:02,29-Apr-2017 15:02,83.0
29-Apr-2017 15:02,29-Apr-2017 15:02,83.0
29-Apr-2017 15:02,29-Apr-2017 15:02,87.0
29-Apr-2017 15:02,29-Apr-2017 15:02,87.0
29-Apr-2017 15:02,29-Apr-2017 15:02,87.0
29-Apr-2017 15:02,29-Apr-2017 15:02,83.0
29-Apr-2017 15:02,29-Apr-2017 15:02,85.0
29-Apr-2017 15:02,29-Apr-2017 15:02,86.0
29-Apr-2017 15:02,29-Apr-2017 15:02,86.0
29-Apr-2017 15:02,29-Apr-2017 15:02,86.0
29-Apr-2017 15:02,29-Apr-2017 15:02,83.0
29-Apr-2017 15:03,29-Apr-2017 15:03,85.0
29-Apr-2017 15:03,29-Apr-2017 15:03,86.0
29-Apr-2017 15:03,29-Apr-2017 15:03,87.0
29-Apr-2017 15:03,29-Apr-2017 15:03,87.0
29-Apr-2017 15:03,29-Apr-2017 15:03,85.0
29-Apr-2017 15:03,29-Apr-2017 15:03,85.0
29-Apr-2017 15:03,29-Apr-2017 15:03,85.0
29-Apr-2017 15:03,29-Apr-2017 15:03,87.0
29-Apr-2017 15:03,29-Apr-2017 15:03,89.0
29-Apr-2017 15:03,29-Apr-2017 15:03,94.0
29-Apr-2017 15:03,29-Apr-2017 15:03,87.0
29-Apr-2017 15:03,29-Apr-2017 15:03,92.0
29-Apr-2017 15:04,29-Apr-2017 15:04,83.0
29-Apr-2017 15:04,29-Apr-2017 15:04,83.0
29-Apr-2017 15:04,29-Apr-2017 15:04,83.0
29-Apr-2017 15:04,29-Apr-2017 15:04,86.0
29-Apr-2017 15:04,29-Apr-2017 15:04,85.0
29-Apr-2017 15:04,29-Apr-2017 15:04,83.0
29-Apr-2017 15:04,29-Apr-2017 15:04,78.0
29-Apr-2017 15:04,29-Apr-2017 15:04,82.0
29-Apr-2017 15:04,29-Apr-2017 15:04,82.0
29-Apr-2017 15:04,29-Apr-2017 15:04,85.0
29-Apr-2017 15:04,29-Apr-2017 15:04,86.0
29-Apr-2017 15:04,29-Apr-2017 15:04,89.0
29-Apr-2017 15:05,29-Apr-2017 15:05,89.0
29-Apr-2017 15:05,29-Apr-2017 15:05,90.0
29-Apr-2017 15:05,29-Apr-2017 15:05,87.0
29-Apr-2017 15:05,29-Apr-2017 15:05,87.0
29-Apr-2017 15:05,29-Apr-2017 15:05,87.0
29-Apr-2017 15:05,29-Apr-2017 15:05,89.0
29-Apr-2017 15:05,29-Apr-2017 15:05,87.0
29-Apr-2017 15:05,29-Apr-2017 15:05,87.0
29-Apr-2017 15:05,29-Apr-2017 15:05,87.0
29-Apr-2017 15:05,29-Apr-2017 15:05,87.0
29-Apr-2017 15:05,29-Apr-2017 15:05,87.0
29-Apr-2017 15:05,29-Apr-2017 15:05,89.0
29-Apr-2017 15:06,29-Apr-2017 15:06,83.0
29-Apr-2017 15:06,29-Apr-2017 15:06,81.0
29-Apr-2017 15:06,29-Apr-2017 15:06,81.0
29-Apr-2017 15:06,29-Apr-2017 15:06,83.0
29-Apr-2017 15:06,29-Apr-2017 15:06,85.0
29-Apr-2017 15:06,29-Apr-2017 15:06,86.0
29-Apr-2017 15:06,29-Apr-2017 15:06,81.0
29-Apr-2017 15:06,29-Apr-2017 15:06,80.0
29-Apr-2017 15:06,29-Apr-2017 15:06,80.0
29-Apr-2017 15:06,29-Apr-2017 15:06,83.0
29-Apr-2017 15:06,29-Apr-2017 15:06,83.0
29-Apr-2017 15:06,29-Apr-2017 15:06,86.0
29-Apr-2017 15:07,29-Apr-2017 15:07,87.0
29-Apr-2017 15:07,29-Apr-2017 15:07,86.0
29-Apr-2017 15:07,29-Apr-2017 15:07,85.0
29-Apr-2017 15:07,29-Apr-2017 15:07,85.0
29-Apr-2017 15:07,29-Apr-2017 15:07,81.0
29-Apr-2017 15:07,29-Apr-2017 15:07,82.0
29-Apr-2017 15:07,29-Apr-2017 15:07,85.0
29-Apr-2017 15:07,29-Apr-2017 15:07,86.0
29-Apr-2017 15:07,29-Apr-2017 15:07,86.0
29-Apr-2017 15:07,29-Apr-2017 15:07,86.0
29-Apr-2017 15:07,29-Apr-2017 15:07,83.0
29-Apr-2017 15:07,29-Apr-2017 15:07,82.0
29-Apr-2017 15:08,29-Apr-2017 15:08,82.0
29-Apr-2017 15:08,29-Apr-2017 15:08,82.0
29-Apr-2017 15:08,29-Apr-2017 15:08,82.0
29-Apr-2017 15:08,29-Apr-2017 15:08,82.0
29-Apr-2017 15:08,29-Apr-2017 15:08,82.0
29-Apr-2017 15:08,29-Apr-2017 15:08,94.0
29-Apr-2017 15:08,29-Apr-2017 15:08,82.0
29-Apr-2017 15:08,29-Apr-2017 15:08,109.0
29-Apr-2017 15:08,29-Apr-2017 15:08,106.0
29-Apr-2017 15:08,29-Apr-2017 15:08,106.0
29-Apr-2017 15:08,29-Apr-2017 15:08,107.0
29-Apr-2017 15:08,29-Apr-2017 15:08,105.0
29-Apr-2017 15:09,29-Apr-2017 15:09,104.0
29-Apr-2017 15:09,29-Apr-2017 15:09,104.0
29-Apr-2017 15:09,29-Apr-2017 15:09,104.0
29-Apr-2017 15:09,29-Apr-2017 15:09,104.0
29-Apr-2017 15:09,29-Apr-2017 15:09,104.0
29-Apr-2017 15:09,29-Apr-2017 15:09,103.0
29-Apr-2017 15:09,29-Apr-2017 15:09,104.0
29-Apr-2017 15:09,29-Apr-2017 15:09,104.0
29-Apr-2017 15:09,29-Apr-2017 15:09,101.0
29-Apr-2017 15:09,29-Apr-2017 15:09,105.0
29-Apr-2017 15:09,29-Apr-2017 15:09,106.0
29-Apr-2017 15:09,29-Apr-2017 15:09,106.0
29-Apr-2017 15:10,29-Apr-2017 15:10,92.0
29-Apr-2017 15:10,29-Apr-2017 15:10,92.0
29-Apr-2017 15:10,29-Apr-2017 15:10,92.0
29-Apr-2017 15:10,29-Apr-2017 15:10,92.0
29-Apr-2017 15:10,29-Apr-2017 15:10,86.0
29-Apr-2017 15:10,29-Apr-2017 15:10,80.0
29-Apr-2017 15:10,29-Apr-2017 15:10,83.0
29-Apr-2017 15:10,29-Apr-2017 15:10,80.0
29-Apr-2017 15:10,29-Apr-2017 15:10,80.0
29-Apr-2017 15:10,29-Apr-2017 15:10,80.0
29-Apr-2017 15:10,29-Apr-2017 15:10,78.0
29-Apr-2017 15:11,29-Apr-2017 15:11,78.0
29-Apr-2017 15:11,29-Apr-2017 15:11,78.0
29-Apr-2017 15:11,29-Apr-2017 15:11,80.0
29-Apr-2017 15:11,29-Apr-2017 15:11,78.0
29-Apr-2017 15:12,29-Apr-2017 15:12,127.0
29-Apr-2017 15:12,29-Apr-2017 15:12,127.0
29-Apr-2017 15:12,29-Apr-2017 15:12,127.0
29-Apr-2017 15:12,29-Apr-2017 15:12,117.0
29-Apr-2017 15:12,29-Apr-2017 15:12,116.0
29-Apr-2017 15:12,29-Apr-2017 15:12,116.0
29-Apr-2017 15:12,29-Apr-2017 15:12,115.0
29-Apr-2017 15:12,29-Apr-2017 15:12,113.0
29-Apr-2017 15:12,29-Apr-2017 15:12,106.0
29-Apr-2017 15:13,29-Apr-2017 15:13,103.0
29-Apr-2017 15:13,29-Apr-2017 15:13,99.0
29-Apr-2017 15:13,29-Apr-2017 15:13,94.0
29-Apr-2017 15:13,29-Apr-2017 15:13,92.0
29-Apr-2017 15:13,29-Apr-2017 15:13,85.0
29-Apr-2017 15:13,29-Apr-2017 15:13,90.0
29-Apr-2017 15:13,29-Apr-2017 15:13,90.0
29-Apr-2017 15:13,29-Apr-2017 15:13,94.0
29-Apr-2017 15:14,29-Apr-2017 15:14,86.0
29-Apr-2017 15:14,29-Apr-2017 15:14,87.0
29-Apr-2017 15:14,29-Apr-2017 15:14,87.0
29-Apr-2017 15:14,29-Apr-2017 15:14,86.0
29-Apr-2017 15:14,29-Apr-2017 15:14,86.0
29-Apr-2017 15:15,29-Apr-2017 15:15,65.0
29-Apr-2017 15:15,29-Apr-2017 15:15,148.0
29-Apr-2017 15:15,29-Apr-2017 15:15,142.0
29-Apr-2017 15:15,29-Apr-2017 15:15,138.0
29-Apr-2017 15:15,29-Apr-2017 15:15,137.0
29-Apr-2017 15:15,29-Apr-2017 15:15,137.0
29-Apr-2017 15:15,29-Apr-2017 15:15,126.0
29-Apr-2017 15:16,29-Apr-2017 15:16,125.0
29-Apr-2017 15:16,29-Apr-2017 15:16,125.0
29-Apr-2017 15:17,29-Apr-2017 15:17,149.0
29-Apr-2017 15:17,29-Apr-2017 15:17,148.0
29-Apr-2017 15:17,29-Apr-2017 15:17,147.0
29-Apr-2017 15:17,29-Apr-2017 15:17,139.0
29-Apr-2017 15:17,29-Apr-2017 15:17,133.0
29-Apr-2017 15:17,29-Apr-2017 15:17,133.0
29-Apr-2017 15:17,29-Apr-2017 15:17,133.0
29-Apr-2017 15:18,29-Apr-2017 15:18,132.0
29-Apr-2017 15:18,29-Apr-2017 15:18,109.0
29-Apr-2017 15:18,29-Apr-2017 15:18,109.0
29-Apr-2017 15:18,29-Apr-2017 15:18,118.0
29-Apr-2017 15:18,29-Apr-2017 15:18,115.0
29-Apr-2017 15:19,29-Apr-2017 15:19,113.0
29-Apr-2017 15:19,29-Apr-2017 15:19,113.0
29-Apr-2017 15:19,29-Apr-2017 15:19,113.0
29-Apr-2017 15:19,29-Apr-2017 15:19,113.0
29-Apr-2017 15:19,29-Apr-2017 15:19,113.0
29-Apr-2017 15:19,29-Apr-2017 15:19,113.0
29-Apr-2017 15:19,29-Apr-2017 15:19,104.0
29-Apr-2017 15:19,29-Apr-2017 15:19,104.0
29-Apr-2017 15:19,29-Apr-2017 15:19,108.0
29-Apr-2017 15:19,29-Apr-2017 15:19,109.0
29-Apr-2017 15:20,29-Apr-2017 15:20,109.0
29-Apr-2017 15:20,29-Apr-2017 15:20,109.0
29-Apr-2017 15:20,29-Apr-2017 15:20,109.0
29-Apr-2017 15:20,29-Apr-2017 15:20,110.0
29-Apr-2017 15:20,29-Apr-2017 15:20,108.0
29-Apr-2017 15:20,29-Apr-2017 15:20,107.0
29-Apr-2017 15:20,29-Apr-2017 15:20,107.0
29-Apr-2017 15:20,29-Apr-2017 15:20,106.0
29-Apr-2017 15:20,29-Apr-2017 15:20,106.0
29-Apr-2017 15:20,29-Apr-2017 15:20,105.0
29-Apr-2017 15:20,29-Apr-2017 15:20,104.0
29-Apr-2017 15:20,29-Apr-2017 15:20,104.0
29-Apr-2017 15:21,29-Apr-2017 15:21,104.0
29-Apr-2017 15:21,29-Apr-2017 15:21,104.0
29-Apr-2017 15:21,29-Apr-2017 15:21,104.0
29-Apr-2017 15:21,29-Apr-2017 15:21,104.0
29-Apr-2017 15:21,29-Apr-2017 15:21,104.0
29-Apr-2017 15:21,29-Apr-2017 15:21,104.0
29-Apr-2017 15:22,29-Apr-2017 15:22,82.0
29-Apr-2017 15:22,29-Apr-2017 15:22,83.0
29-Apr-2017 15:22,29-Apr-2017 15:22,83.0
29-Apr-2017 15:22,29-Apr-2017 15:22,86.0
29-Apr-2017 15:22,29-Apr-2017 15:22,86.0
29-Apr-2017 15:22,29-Apr-2017 15:22,86.0
29-Apr-2017 15:23,29-Apr-2017 15:23,91.0
29-Apr-2017 15:23,29-Apr-2017 15:23,92.0
29-Apr-2017 15:23,29-Apr-2017 15:23,92.0
29-Apr-2017 15:23,29-Apr-2017 15:23,92.0
29-Apr-2017 15:23,29-Apr-2017 15:23,92.0
29-Apr-2017 15:23,29-Apr-2017 15:23,92.0
29-Apr-2017 15:23,29-Apr-2017 15:23,92.0
29-Apr-2017 15:23,29-Apr-2017 15:23,82.0
29-Apr-2017 15:23,29-Apr-2017 15:23,82.0
29-Apr-2017 15:23,29-Apr-2017 15:23,81.0
29-Apr-2017 15:23,29-Apr-2017 15:23,90.0
29-Apr-2017 15:24,29-Apr-2017 15:24,74.0
29-Apr-2017 15:24,29-Apr-2017 15:24,68.0
29-Apr-2017 15:24,29-Apr-2017 15:24,132.0
29-Apr-2017 15:24,29-Apr-2017 15:24,132.0
29-Apr-2017 15:24,29-Apr-2017 15:24,133.0
29-Apr-2017 15:24,29-Apr-2017 15:24,132.0
29-Apr-2017 15:24,29-Apr-2017 15:24,130.0
29-Apr-2017 15:24,29-Apr-2017 15:24,129.0
29-Apr-2017 15:25,29-Apr-2017 15:25,127.0
29-Apr-2017 15:25,29-Apr-2017 15:25,129.0
29-Apr-2017 15:25,29-Apr-2017 15:25,127.0
29-Apr-2017 15:25,29-Apr-2017 15:25,104.0
29-Apr-2017 15:25,29-Apr-2017 15:25,104.0
29-Apr-2017 15:25,29-Apr-2017 15:25,104.0
29-Apr-2017 15:25,29-Apr-2017 15:25,100.0
29-Apr-2017 15:25,29-Apr-2017 15:25,99.0
29-Apr-2017 15:26,29-Apr-2017 15:26,83.0
29-Apr-2017 15:26,29-Apr-2017 15:26,81.0
29-Apr-2017 15:27,29-Apr-2017 15:27,64.0
29-Apr-2017 15:27,29-Apr-2017 15:27,147.0
29-Apr-2017 15:27,29-Apr-2017 15:27,139.0
29-Apr-2017 15:27,29-Apr-2017 15:27,138.0
29-Apr-2017 15:27,29-Apr-2017 15:27,135.0
29-Apr-2017 15:28,29-Apr-2017 15:28,135.0
29-Apr-2017 15:28,29-Apr-2017 15:28,135.0
29-Apr-2017 15:28,29-Apr-2017 15:28,134.0
29-Apr-2017 15:28,29-Apr-2017 15:28,134.0
29-Apr-2017 15:28,29-Apr-2017 15:28,126.0
29-Apr-2017 15:28,29-Apr-2017 15:28,114.0
29-Apr-2017 15:28,29-Apr-2017 15:28,114.0
29-Apr-2017 15:28,29-Apr-2017 15:28,118.0
29-Apr-2017 15:28,29-Apr-2017 15:28,118.0
29-Apr-2017 15:28,29-Apr-2017 15:28,117.0
29-Apr-2017 15:28,29-Apr-2017 15:28,113.0
29-Apr-2017 15:28,29-Apr-2017 15:28,113.0
29-Apr-2017 15:29,29-Apr-2017 15:29,113.0
29-Apr-2017 15:29,29-Apr-2017 15:29,113.0
29-Apr-2017 15:29,29-Apr-2017 15:29,113.0
29-Apr-2017 15:29,29-Apr-2017 15:29,95.0
29-Apr-2017 15:29,29-Apr-2017 15:29,85.0
29-Apr-2017 15:30,29-Apr-2017 15:30,90.0
29-Apr-2017 15:30,29-Apr-2017 15:30,109.0
29-Apr-2017 15:30,29-Apr-2017 15:30,109.0
29-Apr-2017 15:30,29-Apr-2017 15:30,108.0
29-Apr-2017 15:30,29-Apr-2017 15:30,105.0
29-Apr-2017 15:30,29-Apr-2017 15:30,104.0
29-Apr-2017 15:30,29-Apr-2017 15:30,103.0
29-Apr-2017 15:30,29-Apr-2017 15:30,106.0
29-Apr-2017 15:30,29-Apr-2017 15:30,104.0
29-Apr-2017 15:30,29-Apr-2017 15:30,107.0
29-Apr-2017 15:30,29-Apr-2017 15:30,104.0
29-Apr-2017 15:31,29-Apr-2017 15:31,105.0
29-Apr-2017 15:31,29-Apr-2017 15:31,106.0
29-Apr-2017 15:31,29-Apr-2017 15:31,105.0
29-Apr-2017 15:31,29-Apr-2017 15:31,105.0
29-Apr-2017 15:31,29-Apr-2017 15:31,104.0
29-Apr-2017 15:31,29-Apr-2017 15:31,105.0
29-Apr-2017 15:31,29-Apr-2017 15:31,112.0
29-Apr-2017 15:31,29-Apr-2017 15:31,111.0
29-Apr-2017 15:31,29-Apr-2017 15:31,111.0
29-Apr-2017 15:32,29-Apr-2017 15:32,111.0
29-Apr-2017 15:32,29-Apr-2017 15:32,110.0
29-Apr-2017 15:32,29-Apr-2017 15:32,104.0
29-Apr-2017 15:33,29-Apr-2017 15:33,100.0
29-Apr-2017 15:33,29-Apr-2017 15:33,101.0
29-Apr-2017 15:33,29-Apr-2017 15:33,94.0
29-Apr-2017 15:33,29-Apr-2017 15:33,94.0
29-Apr-2017 15:33,29-Apr-2017 15:33,92.0
29-Apr-2017 15:33,29-Apr-2017 15:33,92.0
29-Apr-2017 15:33,29-Apr-2017 15:33,92.0
29-Apr-2017 15:33,29-Apr-2017 15:33,78.0
29-Apr-2017 15:33,29-Apr-2017 15:33,74.0
29-Apr-2017 15:35,29-Apr-2017 15:35,135.0
29-Apr-2017 15:35,29-Apr-2017 15:35,135.0
29-Apr-2017 15:35,29-Apr-2017 15:35,121.0
29-Apr-2017 15:35,29-Apr-2017 15:35,120.0
29-Apr-2017 15:35,29-Apr-2017 15:35,120.0
29-Apr-2017 15:35,29-Apr-2017 15:35,120.0
29-Apr-2017 15:35,29-Apr-2017 15:35,121.0
29-Apr-2017 15:35,29-Apr-2017 15:35,121.0
29-Apr-2017 15:35,29-Apr-2017 15:35,121.0
29-Apr-2017 15:35,29-Apr-2017 15:35,121.0
29-Apr-2017 15:35,29-Apr-2017 15:35,120.0
29-Apr-2017 15:36,29-Apr-2017 15:36,121.0
29-Apr-2017 15:36,29-Apr-2017 15:36,121.0
29-Apr-2017 15:36,29-Apr-2017 15:36,121.0
29-Apr-2017 15:36,29-Apr-2017 15:36,121.0
29-Apr-2017 15:36,29-Apr-2017 15:36,121.0
29-Apr-2017 15:36,29-Apr-2017 15:36,121.0
29-Apr-2017 15:36,29-Apr-2017 15:36,121.0
29-Apr-2017 15:36,29-Apr-2017 15:36,99.0
29-Apr-2017 15:36,29-Apr-2017 15:36,98.0
29-Apr-2017 15:36,29-Apr-2017 15:36,96.0
29-Apr-2017 15:36,29-Apr-2017 15:36,94.0
29-Apr-2017 15:37,29-Apr-2017 15:37,94.0
29-Apr-2017 15:37,29-Apr-2017 15:37,92.0
29-Apr-2017 15:37,29-Apr-2017 15:37,94.0
29-Apr-2017 15:37,29-Apr-2017 15:37,104.0
29-Apr-2017 15:37,29-Apr-2017 15:37,104.0
29-Apr-2017 15:37,29-Apr-2017 15:37,104.0
29-Apr-2017 15:37,29-Apr-2017 15:37,104.0
29-Apr-2017 15:37,29-Apr-2017 15:37,105.0
29-Apr-2017 15:37,29-Apr-2017 15:37,100.0
29-Apr-2017 15:37,29-Apr-2017 15:37,100.0
29-Apr-2017 15:37,29-Apr-2017 15:37,96.0
29-Apr-2017 15:37,29-Apr-2017 15:37,94.0
29-Apr-2017 15:38,29-Apr-2017 15:38,96.0
29-Apr-2017 15:38,29-Apr-2017 15:38,94.0
29-Apr-2017 15:38,29-Apr-2017 15:38,96.0
29-Apr-2017 15:38,29-Apr-2017 15:38,96.0
29-Apr-2017 15:38,29-Apr-2017 15:38,100.0
29-Apr-2017 15:38,29-Apr-2017 15:38,104.0
29-Apr-2017 15:38,29-Apr-2017 15:38,103.0
29-Apr-2017 15:38,29-Apr-2017 15:38,103.0
29-Apr-2017 15:38,29-Apr-2017 15:38,99.0
29-Apr-2017 15:38,29-Apr-2017 15:38,101.0
29-Apr-2017 15:38,29-Apr-2017 15:38,99.0
29-Apr-2017 15:38,29-Apr-2017 15:38,101.0
29-Apr-2017 15:39,29-Apr-2017 15:39,102.0
29-Apr-2017 15:39,29-Apr-2017 15:39,102.0
29-Apr-2017 15:39,29-Apr-2017 15:39,101.0
29-Apr-2017 15:39,29-Apr-2017 15:39,102.0
29-Apr-2017 15:39,29-Apr-2017 15:39,103.0
29-Apr-2017 15:39,29-Apr-2017 15:39,101.0
29-Apr-2017 15:39,29-Apr-2017 15:39,100.0
29-Apr-2017 15:39,29-Apr-2017 15:39,100.0
29-Apr-2017 15:39,29-Apr-2017 15:39,100.0
29-Apr-2017 15:39,29-Apr-2017 15:39,105.0
29-Apr-2017 15:39,29-Apr-2017 15:39,105.0
29-Apr-2017 15:39,29-Apr-2017 15:39,107.0
29-Apr-2017 15:40,29-Apr-2017 15:40,109.0
29-Apr-2017 15:40,29-Apr-2017 15:40,108.0
29-Apr-2017 15:40,29-Apr-2017 15:40,109.0
29-Apr-2017 15:40,29-Apr-2017 15:40,110.0
29-Apr-2017 15:40,29-Apr-2017 15:40,110.0
29-Apr-2017 15:40,29-Apr-2017 15:40,110.0
29-Apr-2017 15:40,29-Apr-2017 15:40,110.0
29-Apr-2017 15:40,29-Apr-2017 15:40,114.0
29-Apr-2017 15:40,29-Apr-2017 15:40,116.0
29-Apr-2017 15:40,29-Apr-2017 15:40,116.0
29-Apr-2017 15:40,29-Apr-2017 15:40,124.0
29-Apr-2017 15:40,29-Apr-2017 15:40,124.0
29-Apr-2017 15:42,29-Apr-2017 15:42,134.0
29-Apr-2017 15:42,29-Apr-2017 15:42,133.0
29-Apr-2017 15:42,29-Apr-2017 15:42,134.0
29-Apr-2017 15:43,29-Apr-2017 15:43,130.0
29-Apr-2017 15:43,29-Apr-2017 15:43,130.0
29-Apr-2017 15:43,29-Apr-2017 15:43,130.0
29-Apr-2017 15:43,29-Apr-2017 15:43,120.0
29-Apr-2017 15:43,29-Apr-2017 15:43,115.0
29-Apr-2017 15:43,29-Apr-2017 15:43,114.0
29-Apr-2017 15:43,29-Apr-2017 15:43,116.0
29-Apr-2017 15:43,29-Apr-2017 15:43,115.0
29-Apr-2017 15:43,29-Apr-2017 15:43,114.0
29-Apr-2017 15:43,29-Apr-2017 15:43,112.0
29-Apr-2017 15:43,29-Apr-2017 15:43,112.0
29-Apr-2017 15:43,29-Apr-2017 15:43,112.0
29-Apr-2017 15:44,29-Apr-2017 15:44,112.0
29-Apr-2017 15:44,29-Apr-2017 15:44,112.0
29-Apr-2017 15:44,29-Apr-2017 15:44,112.0
29-Apr-2017 15:44,29-Apr-2017 15:44,111.0
29-Apr-2017 15:44,29-Apr-2017 15:44,104.0
29-Apr-2017 15:44,29-Apr-2017 15:44,138.0
29-Apr-2017 15:45,29-Apr-2017 15:45,148.0
29-Apr-2017 15:45,29-Apr-2017 15:45,149.0
29-Apr-2017 15:45,29-Apr-2017 15:45,149.0
29-Apr-2017 15:45,29-Apr-2017 15:45,148.0
29-Apr-2017 15:45,29-Apr-2017 15:45,148.0
29-Apr-2017 15:45,29-Apr-2017 15:45,147.0
29-Apr-2017 15:45,29-Apr-2017 15:45,139.0
29-Apr-2017 15:46,29-Apr-2017 15:46,83.0
29-Apr-2017 15:46,29-Apr-2017 15:46,95.0
29-Apr-2017 15:46,29-Apr-2017 15:46,110.0
29-Apr-2017 15:46,29-Apr-2017 15:46,109.0
29-Apr-2017 15:46,29-Apr-2017 15:46,108.0
29-Apr-2017 15:46,29-Apr-2017 15:46,105.0
29-Apr-2017 15:47,29-Apr-2017 15:47,147.0
29-Apr-2017 15:48,29-Apr-2017 15:48,149.0
29-Apr-2017 15:48,29-Apr-2017 15:48,147.0
29-Apr-2017 15:48,29-Apr-2017 15:48,144.0
29-Apr-2017 15:48,29-Apr-2017 15:48,142.0
29-Apr-2017 15:48,29-Apr-2017 15:48,135.0
29-Apr-2017 15:48,29-Apr-2017 15:48,135.0
29-Apr-2017 15:48,29-Apr-2017 15:48,135.0
29-Apr-2017 15:48,29-Apr-2017 15:48,135.0
29-Apr-2017 15:48,29-Apr-2017 15:48,135.0
29-Apr-2017 15:48,29-Apr-2017 15:48,135.0
29-Apr-2017 15:49,29-Apr-2017 15:49,109.0
29-Apr-2017 15:49,29-Apr-2017 15:49,114.0
29-Apr-2017 15:49,29-Apr-2017 15:49,114.0
29-Apr-2017 15:49,29-Apr-2017 15:49,113.0
29-Apr-2017 15:49,29-Apr-2017 15:49,111.0
29-Apr-2017 15:49,29-Apr-2017 15:49,113.0
29-Apr-2017 15:49,29-Apr-2017 15:49,111.0
29-Apr-2017 15:49,29-Apr-2017 15:49,110.0
29-Apr-2017 15:50,29-Apr-2017 15:50,110.0
29-Apr-2017 15:50,29-Apr-2017 15:50,113.0
29-Apr-2017 15:50,29-Apr-2017 15:50,110.0
29-Apr-2017 15:50,29-Apr-2017 15:50,111.0
29-Apr-2017 15:50,29-Apr-2017 15:50,112.0
29-Apr-2017 15:50,29-Apr-2017 15:50,112.0
29-Apr-2017 15:50,29-Apr-2017 15:50,112.0
29-Apr-2017 15:50,29-Apr-2017 15:50,112.0
29-Apr-2017 15:50,29-Apr-2017 15:50,112.0
29-Apr-2017 15:50,29-Apr-2017 15:50,113.0
29-Apr-2017 15:50,29-Apr-2017 15:50,112.0
29-Apr-2017 15:51,29-Apr-2017 15:51,92.0
29-Apr-2017 15:51,29-Apr-2017 15:51,107.0
29-Apr-2017 15:51,29-Apr-2017 15:51,115.0
29-Apr-2017 15:51,29-Apr-2017 15:51,116.0
29-Apr-2017 15:51,29-Apr-2017 15:51,113.0
29-Apr-2017 15:51,29-Apr-2017 15:51,114.0
29-Apr-2017 15:51,29-Apr-2017 15:51,119.0
29-Apr-2017 15:51,29-Apr-2017 15:51,119.0
29-Apr-2017 15:51,29-Apr-2017 15:51,118.0
29-Apr-2017 15:51,29-Apr-2017 15:51,110.0
29-Apr-2017 15:51,29-Apr-2017 15:51,110.0
29-Apr-2017 15:52,29-Apr-2017 15:52,108.0
29-Apr-2017 15:52,29-Apr-2017 15:52,107.0
29-Apr-2017 15:52,29-Apr-2017 15:52,109.0
29-Apr-2017 15:52,29-Apr-2017 15:52,94.0
29-Apr-2017 15:52,29-Apr-2017 15:52,106.0
29-Apr-2017 15:52,29-Apr-2017 15:52,106.0
29-Apr-2017 15:52,29-Apr-2017 15:52,106.0
29-Apr-2017 15:52,29-Apr-2017 15:52,107.0
29-Apr-2017 15:52,29-Apr-2017 15:52,107.0
29-Apr-2017 15:53,29-Apr-2017 15:53,106.0
29-Apr-2017 15:53,29-Apr-2017 15:53,104.0
29-Apr-2017 15:53,29-Apr-2017 15:53,92.0
29-Apr-2017 15:53,29-Apr-2017 15:53,98.0
29-Apr-2017 15:53,29-Apr-2017 15:53,90.0
29-Apr-2017 15:53,29-Apr-2017 15:53,90.0
29-Apr-2017 15:53,29-Apr-2017 15:53,90.0
29-Apr-2017 15:54,29-Apr-2017 15:54,65.0
29-Apr-2017 15:55,29-Apr-2017 15:55,148.0
29-Apr-2017 15:55,29-Apr-2017 15:55,147.0
29-Apr-2017 15:55,29-Apr-2017 15:55,147.0
29-Apr-2017 15:55,29-Apr-2017 15:55,147.0
29-Apr-2017 15:55,29-Apr-2017 15:55,147.0
29-Apr-2017 15:55,29-Apr-2017 15:55,124.0
29-Apr-2017 15:55,29-Apr-2017 15:55,121.0
29-Apr-2017 15:55,29-Apr-2017 15:55,124.0
29-Apr-2017 15:55,29-Apr-2017 15:55,126.0
29-Apr-2017 15:55,29-Apr-2017 15:55,125.0
29-Apr-2017 15:55,29-Apr-2017 15:55,125.0
29-Apr-2017 15:56,29-Apr-2017 15:56,126.0
29-Apr-2017 15:56,29-Apr-2017 15:56,113.0
29-Apr-2017 15:56,29-Apr-2017 15:56,113.0
29-Apr-2017 15:56,29-Apr-2017 15:56,113.0
29-Apr-2017 15:57,29-Apr-2017 15:57,113.0
29-Apr-2017 15:57,29-Apr-2017 15:57,113.0
29-Apr-2017 15:57,29-Apr-2017 15:57,108.0
29-Apr-2017 15:57,29-Apr-2017 15:57,110.0
29-Apr-2017 15:57,29-Apr-2017 15:57,110.0
29-Apr-2017 15:57,29-Apr-2017 15:57,111.0
29-Apr-2017 15:57,29-Apr-2017 15:57,139.0
29-Apr-2017 15:57,29-Apr-2017 15:57,139.0
29-Apr-2017 15:57,29-Apr-2017 15:57,139.0
29-Apr-2017 15:58,29-Apr-2017 15:58,152.0
29-Apr-2017 15:58,29-Apr-2017 15:58,152.0
29-Apr-2017 15:58,29-Apr-2017 15:58,149.0
29-Apr-2017 15:58,29-Apr-2017 15:58,147.0
29-Apr-2017 15:58,29-Apr-2017 15:58,147.0
29-Apr-2017 15:59,29-Apr-2017 15:59,117.0
29-Apr-2017 15:59,29-Apr-2017 15:59,117.0
29-Apr-2017 15:59,29-Apr-2017 15:59,115.0
29-Apr-2017 15:59,29-Apr-2017 15:59,116.0
29-Apr-2017 15:59,29-Apr-2017 15:59,121.0
29-Apr-2017 15:59,29-Apr-2017 15:59,115.0
29-Apr-2017 15:59,29-Apr-2017 15:59,115.0
29-Apr-2017 15:59,29-Apr-2017 15:59,116.0
29-Apr-2017 15:59,29-Apr-2017 15:59,116.0
29-Apr-2017 16:00,29-Apr-2017 16:00,116.0
29-Apr-2017 16:00,29-Apr-2017 16:00,113.0
29-Apr-2017 16:00,29-Apr-2017 16:00,113.0
29-Apr-2017 16:00,29-Apr-2017 16:00,113.0
29-Apr-2017 16:00,29-Apr-2017 16:00,113.0
29-Apr-2017 16:00,29-Apr-2017 16:00,113.0
29-Apr-2017 16:00,29-Apr-2017 16:00,112.0
29-Apr-2017 16:00,29-Apr-2017 16:00,112.0
29-Apr-2017 16:00,29-Apr-2017 16:00,113.0
29-Apr-2017 16:00,29-Apr-2017 16:00,113.0
29-Apr-2017 16:00,29-Apr-2017 16:00,113.0
29-Apr-2017 16:01,29-Apr-2017 16:01,113.0
29-Apr-2017 16:01,29-Apr-2017 16:01,113.0
29-Apr-2017 16:01,29-Apr-2017 16:01,128.0
29-Apr-2017 16:03,29-Apr-2017 16:03,139.0
29-Apr-2017 16:03,29-Apr-2017 16:03,139.0
29-Apr-2017 16:03,29-Apr-2017 16:03,139.0
29-Apr-2017 16:03,29-Apr-2017 16:03,138.0
29-Apr-2017 16:03,29-Apr-2017 16:03,138.0
29-Apr-2017 16:03,29-Apr-2017 16:03,138.0
29-Apr-2017 16:03,29-Apr-2017 16:03,138.0
29-Apr-2017 16:04,29-Apr-2017 16:04,137.0
29-Apr-2017 16:07,29-Apr-2017 16:07,113.0
29-Apr-2017 16:07,29-Apr-2017 16:07,106.0
29-Apr-2017 16:07,29-Apr-2017 16:07,107.0
29-Apr-2017 16:07,29-Apr-2017 16:07,105.0
29-Apr-2017 16:07,29-Apr-2017 16:07,104.0
29-Apr-2017 16:08,29-Apr-2017 16:08,105.0
29-Apr-2017 16:08,29-Apr-2017 16:08,105.0
29-Apr-2017 16:08,29-Apr-2017 16:08,104.0
29-Apr-2017 16:08,29-Apr-2017 16:08,104.0
29-Apr-2017 16:08,29-Apr-2017 16:08,104.0
29-Apr-2017 16:08,29-Apr-2017 16:08,104.0
29-Apr-2017 16:08,29-Apr-2017 16:08,104.0
29-Apr-2017 16:08,29-Apr-2017 16:08,104.0
29-Apr-2017 16:08,29-Apr-2017 16:08,104.0
29-Apr-2017 16:08,29-Apr-2017 16:08,89.0
29-Apr-2017 16:08,29-Apr-2017 16:08,89.0
29-Apr-2017 16:09,29-Apr-2017 16:09,90.0
29-Apr-2017 16:09,29-Apr-2017 16:09,90.0
29-Apr-2017 16:09,29-Apr-2017 16:09,89.0
29-Apr-2017 16:09,29-Apr-2017 16:09,89.0
29-Apr-2017 16:09,29-Apr-2017 16:09,89.0
29-Apr-2017 16:09,29-Apr-2017 16:09,89.0
29-Apr-2017 16:09,29-Apr-2017 16:09,94.0
29-Apr-2017 16:09,29-Apr-2017 16:09,101.0
29-Apr-2017 16:11,29-Apr-2017 16:11,65.0
29-Apr-2017 16:11,29-Apr-2017 16:11,74.0
29-Apr-2017 16:12,29-Apr-2017 16:12,57.0
29-Apr-2017 16:12,29-Apr-2017 16:12,112.0
29-Apr-2017 16:12,29-Apr-2017 16:12,113.0
29-Apr-2017 16:12,29-Apr-2017 16:12,107.0
29-Apr-2017 16:12,29-Apr-2017 16:12,108.0
29-Apr-2017 16:13,29-Apr-2017 16:13,88.0
29-Apr-2017 16:13,29-Apr-2017 16:13,88.0
29-Apr-2017 16:16,29-Apr-2017 16:16,120.0
29-Apr-2017 16:17,29-Apr-2017 16:17,103.0
29-Apr-2017 16:17,29-Apr-2017 16:17,103.0
29-Apr-2017 16:17,29-Apr-2017 16:17,103.0
29-Apr-2017 16:18,29-Apr-2017 16:18,104.0
29-Apr-2017 16:20,29-Apr-2017 16:20,116.0
29-Apr-2017 16:20,29-Apr-2017 16:20,119.0
29-Apr-2017 16:20,29-Apr-2017 16:20,115.0
29-Apr-2017 16:21,29-Apr-2017 16:21,115.0
29-Apr-2017 16:21,29-Apr-2017 16:21,115.0
29-Apr-2017 16:46,29-Apr-2017 16:46,89.0
29-Apr-2017 16:48,29-Apr-2017 16:48,89.0
29-Apr-2017 17:01,29-Apr-2017 17:01,97.0
29-Apr-2017 17:07,29-Apr-2017 17:07,88.0
29-Apr-2017 17:13,29-Apr-2017 17:13,78.0
29-Apr-2017 17:26,29-Apr-2017 17:26,73.0
29-Apr-2017 17:31,29-Apr-2017 17:31,71.0
29-Apr-2017 17:34,29-Apr-2017 17:34,74.0
29-Apr-2017 17:40,29-Apr-2017 17:40,74.0
29-Apr-2017 17:42,29-Apr-2017 17:42,76.0
29-Apr-2017 17:49,29-Apr-2017 17:49,78.0
29-Apr-2017 17:53,29-Apr-2017 17:53,88.0
29-Apr-2017 18:01,29-Apr-2017 18:01,81.0
29-Apr-2017 18:05,29-Apr-2017 18:05,77.0
29-Apr-2017 18:15,29-Apr-2017 18:15,74.0
29-Apr-2017 18:19,29-Apr-2017 18:19,74.0
29-Apr-2017 18:26,29-Apr-2017 18:26,90.0
29-Apr-2017 18:31,29-Apr-2017 18:31,74.0
29-Apr-2017 18:34,29-Apr-2017 18:34,81.0
29-Apr-2017 18:40,29-Apr-2017 18:40,81.0
29-Apr-2017 18:43,29-Apr-2017 18:43,81.0
29-Apr-2017 18:51,29-Apr-2017 18:51,78.0
29-Apr-2017 18:55,29-Apr-2017 18:55,65.0
29-Apr-2017 19:00,29-Apr-2017 19:00,75.0
29-Apr-2017 19:10,29-Apr-2017 19:10,74.0
29-Apr-2017 19:18,29-Apr-2017 19:18,81.0
29-Apr-2017 19:24,29-Apr-2017 19:24,73.0
29-Apr-2017 19:29,29-Apr-2017 19:29,103.0
29-Apr-2017 19:38,29-Apr-2017 19:38,74.0
29-Apr-2017 19:53,29-Apr-2017 19:53,83.0
29-Apr-2017 19:56,29-Apr-2017 19:56,78.0
29-Apr-2017 20:06,29-Apr-2017 20:06,78.0
29-Apr-2017 20:11,29-Apr-2017 20:11,79.0
29-Apr-2017 20:15,29-Apr-2017 20:15,81.0
29-Apr-2017 20:19,29-Apr-2017 20:19,81.0
29-Apr-2017 20:25,29-Apr-2017 20:25,78.0
29-Apr-2017 20:30,29-Apr-2017 20:30,84.0
29-Apr-2017 20:32,29-Apr-2017 20:32,81.0
29-Apr-2017 20:46,29-Apr-2017 20:46,90.0
29-Apr-2017 20:51,29-Apr-2017 20:51,79.0
29-Apr-2017 20:55,29-Apr-2017 20:55,81.0
29-Apr-2017 20:59,29-Apr-2017 20:59,78.0
29-Apr-2017 21:06,29-Apr-2017 21:06,77.0
29-Apr-2017 21:16,29-Apr-2017 21:16,81.0
29-Apr-2017 21:23,29-Apr-2017 21:23,76.0
29-Apr-2017 21:25,29-Apr-2017 21:25,78.0
29-Apr-2017 21:27,29-Apr-2017 21:27,74.0
29-Apr-2017 21:34,29-Apr-2017 21:34,82.0
29-Apr-2017 21:38,29-Apr-2017 21:38,77.0
29-Apr-2017 21:50,29-Apr-2017 21:50,76.0
29-Apr-2017 21:54,29-Apr-2017 21:54,72.0
29-Apr-2017 22:07,29-Apr-2017 22:07,74.0
29-Apr-2017 22:10,29-Apr-2017 22:10,74.0
29-Apr-2017 22:16,29-Apr-2017 22:16,75.0
29-Apr-2017 22:21,29-Apr-2017 22:21,71.0
29-Apr-2017 22:25,29-Apr-2017 22:25,73.0
29-Apr-2017 22:37,29-Apr-2017 22:37,74.0
30-Apr-2017 09:13,30-Apr-2017 09:13,73.0
30-Apr-2017 09:15,30-Apr-2017 09:15,73.0
30-Apr-2017 09:33,30-Apr-2017 09:33,79.0
30-Apr-2017 09:37,30-Apr-2017 09:37,89.0
30-Apr-2017 09:40,30-Apr-2017 09:40,78.0
30-Apr-2017 09:45,30-Apr-2017 09:45,81.0
30-Apr-2017 10:03,30-Apr-2017 10:03,78.0
30-Apr-2017 10:08,30-Apr-2017 10:08,74.0
30-Apr-2017 10:09,30-Apr-2017 10:09,77.0
30-Apr-2017 10:16,30-Apr-2017 10:16,79.0
30-Apr-2017 10:22,30-Apr-2017 10:22,76.0
30-Apr-2017 10:28,30-Apr-2017 10:28,81.0
30-Apr-2017 10:30,30-Apr-2017 10:30,76.0
30-Apr-2017 10:38,30-Apr-2017 10:38,90.0
30-Apr-2017 10:45,30-Apr-2017 10:45,81.0
30-Apr-2017 10:49,30-Apr-2017 10:49,80.0
30-Apr-2017 10:52,30-Apr-2017 10:52,74.0
30-Apr-2017 10:54,30-Apr-2017 10:54,70.0
30-Apr-2017 11:12,30-Apr-2017 11:12,49.0
30-Apr-2017 11:14,30-Apr-2017 11:14,88.0
30-Apr-2017 11:17,30-Apr-2017 11:17,76.0
30-Apr-2017 11:36,30-Apr-2017 11:36,79.0
30-Apr-2017 12:03,30-Apr-2017 12:03,73.0
30-Apr-2017 12:16,30-Apr-2017 12:16,74.0
30-Apr-2017 12:19,30-Apr-2017 12:19,74.0
30-Apr-2017 12:29,30-Apr-2017 12:29,77.0
30-Apr-2017 12:31,30-Apr-2017 12:31,75.0
30-Apr-2017 12:57,30-Apr-2017 12:57,88.0
30-Apr-2017 13:01,30-Apr-2017 13:01,89.0
30-Apr-2017 13:04,30-Apr-2017 13:04,81.0
30-Apr-2017 13:09,30-Apr-2017 13:09,82.0
30-Apr-2017 14:35,30-Apr-2017 14:35,82.0
30-Apr-2017 14:42,30-Apr-2017 14:42,78.0
30-Apr-2017 14:53,30-Apr-2017 14:53,81.0
30-Apr-2017 15:00,30-Apr-2017 15:00,81.0
30-Apr-2017 15:01,30-Apr-2017 15:01,82.0
30-Apr-2017 15:08,30-Apr-2017 15:08,73.0
30-Apr-2017 15:13,30-Apr-2017 15:13,74.0
30-Apr-2017 15:16,30-Apr-2017 15:16,74.0
30-Apr-2017 15:22,30-Apr-2017 15:22,74.0
30-Apr-2017 15:26,30-Apr-2017 15:26,72.0
30-Apr-2017 15:34,30-Apr-2017 15:34,73.0
30-Apr-2017 15:35,30-Apr-2017 15:35,74.0
30-Apr-2017 15:47,30-Apr-2017 15:47,74.0
30-Apr-2017 15:49,30-Apr-2017 15:49,74.0
30-Apr-2017 16:06,30-Apr-2017 16:06,69.0
30-Apr-2017 16:08,30-Apr-2017 16:08,69.0
30-Apr-2017 16:23,30-Apr-2017 16:23,69.0
30-Apr-2017 16:33,30-Apr-2017 16:33,74.0
30-Apr-2017 16:36,30-Apr-2017 16:36,74.0
30-Apr-2017 16:45,30-Apr-2017 16:45,74.0
30-Apr-2017 16:53,30-Apr-2017 16:53,74.0
30-Apr-2017 16:55,30-Apr-2017 16:55,74.0
30-Apr-2017 17:03,30-Apr-2017 17:03,71.0
30-Apr-2017 17:08,30-Apr-2017 17:08,69.0
30-Apr-2017 17:12,30-Apr-2017 17:12,73.0
30-Apr-2017 17:14,30-Apr-2017 17:14,74.0
30-Apr-2017 17:22,30-Apr-2017 17:22,65.0
30-Apr-2017 17:28,30-Apr-2017 17:28,68.0
30-Apr-2017 17:32,30-Apr-2017 17:32,69.0
30-Apr-2017 17:37,30-Apr-2017 17:37,72.0
30-Apr-2017 17:48,30-Apr-2017 17:48,73.0
30-Apr-2017 17:50,30-Apr-2017 17:50,65.0
30-Apr-2017 17:56,30-Apr-2017 17:56,63.0
30-Apr-2017 18:01,30-Apr-2017 18:01,77.0
30-Apr-2017 18:03,30-Apr-2017 18:03,93.0
30-Apr-2017 18:13,30-Apr-2017 18:13,102.0
30-Apr-2017 18:15,30-Apr-2017 18:15,91.0
30-Apr-2017 18:24,30-Apr-2017 18:24,75.0
30-Apr-2017 18:32,30-Apr-2017 18:32,82.0
30-Apr-2017 18:36,30-Apr-2017 18:36,89.0
30-Apr-2017 18:41,30-Apr-2017 18:41,88.0
30-Apr-2017 18:50,30-Apr-2017 18:50,90.0
30-Apr-2017 18:55,30-Apr-2017 18:55,77.0
30-Apr-2017 19:03,30-Apr-2017 19:03,70.0
30-Apr-2017 19:06,30-Apr-2017 19:06,71.0
30-Apr-2017 19:11,30-Apr-2017 19:11,74.0
30-Apr-2017 19:17,30-Apr-2017 19:17,71.0
30-Apr-2017 19:20,30-Apr-2017 19:20,69.0
30-Apr-2017 19:27,30-Apr-2017 19:27,72.0
30-Apr-2017 19:35,30-Apr-2017 19:35,78.0
30-Apr-2017 19:36,30-Apr-2017 19:36,87.0
30-Apr-2017 19:41,30-Apr-2017 19:41,71.0
30-Apr-2017 19:48,30-Apr-2017 19:48,74.0
30-Apr-2017 19:52,30-Apr-2017 19:52,74.0
30-Apr-2017 19:57,30-Apr-2017 19:57,69.0
30-Apr-2017 20:06,30-Apr-2017 20:06,67.0
30-Apr-2017 20:07,30-Apr-2017 20:07,69.0
30-Apr-2017 20:09,30-Apr-2017 20:09,73.0
30-Apr-2017 20:17,30-Apr-2017 20:17,66.0
30-Apr-2017 20:21,30-Apr-2017 20:21,66.0
30-Apr-2017 20:27,30-Apr-2017 20:27,68.0
30-Apr-2017 20:36,30-Apr-2017 20:36,74.0
30-Apr-2017 20:38,30-Apr-2017 20:38,81.0
30-Apr-2017 20:47,30-Apr-2017 20:47,70.0
30-Apr-2017 20:53,30-Apr-2017 20:53,70.0
30-Apr-2017 20:58,30-Apr-2017 20:58,65.0
30-Apr-2017 21:01,30-Apr-2017 21:01,69.0
30-Apr-2017 21:07,30-Apr-2017 21:07,66.0
30-Apr-2017 21:16,30-Apr-2017 21:16,69.0
30-Apr-2017 21:18,30-Apr-2017 21:18,69.0
30-Apr-2017 21:19,30-Apr-2017 21:19,69.0
30-Apr-2017 21:26,30-Apr-2017 21:26,71.0
30-Apr-2017 21:33,30-Apr-2017 21:33,69.0
30-Apr-2017 21:36,30-Apr-2017 21:36,71.0
30-Apr-2017 21:40,30-Apr-2017 21:40,69.0
30-Apr-2017 21:47,30-Apr-2017 21:47,72.0
30-Apr-2017 21:49,30-Apr-2017 21:49,74.0
30-Apr-2017 21:55,30-Apr-2017 21:55,73.0
30-Apr-2017 22:06,30-Apr-2017 22:06,72.0
30-Apr-2017 22:15,30-Apr-2017 22:15,71.0
30-Apr-2017 22:23,30-Apr-2017 22:23,70.0
30-Apr-2017 22:31,30-Apr-2017 22:31,74.0
30-Apr-2017 22:35,30-Apr-2017 22:35,76.0
30-Apr-2017 22:37,30-Apr-2017 22:37,72.0
30-Apr-2017 22:39,30-Apr-2017 22:39,74.0
30-Apr-2017 22:50,30-Apr-2017 22:50,74.0
30-Apr-2017 23:05,30-Apr-2017 23:05,69.0
30-Apr-2017 23:06,30-Apr-2017 23:06,71.0
30-Apr-2017 23:14,30-Apr-2017 23:14,65.0
30-Apr-2017 23:17,30-Apr-2017 23:17,65.0
30-Apr-2017 23:20,30-Apr-2017 23:20,65.0
01-May-2017 09:07,01-May-2017 09:07,66.0
01-May-2017 10:10,01-May-2017 10:10,97.0
01-May-2017 10:14,01-May-2017 10:14,88.0
01-May-2017 10:23,01-May-2017 10:23,69.0
01-May-2017 10:24,01-May-2017 10:24,73.0
01-May-2017 10:37,01-May-2017 10:37,75.0
01-May-2017 10:40,01-May-2017 10:40,78.0
01-May-2017 10:43,01-May-2017 10:43,81.0
01-May-2017 10:51,01-May-2017 10:51,68.0
01-May-2017 10:57,01-May-2017 10:57,72.0
01-May-2017 11:03,01-May-2017 11:03,69.0
01-May-2017 11:06,01-May-2017 11:06,67.0
01-May-2017 11:11,01-May-2017 11:11,71.0
01-May-2017 11:17,01-May-2017 11:17,71.0
01-May-2017 11:19,01-May-2017 11:19,72.0
01-May-2017 11:27,01-May-2017 11:27,68.0
01-May-2017 11:30,01-May-2017 11:30,69.0
01-May-2017 11:33,01-May-2017 11:33,69.0
01-May-2017 11:42,01-May-2017 11:42,68.0
01-May-2017 11:44,01-May-2017 11:44,76.0
01-May-2017 11:49,01-May-2017 11:49,81.0
01-May-2017 11:57,01-May-2017 11:57,73.0
01-May-2017 12:05,01-May-2017 12:05,69.0
01-May-2017 12:09,01-May-2017 12:09,73.0
01-May-2017 12:22,01-May-2017 12:22,62.0
01-May-2017 12:26,01-May-2017 12:26,65.0
01-May-2017 12:32,01-May-2017 12:32,64.0
01-May-2017 12:34,01-May-2017 12:34,73.0
01-May-2017 14:45,01-May-2017 14:45,68.0
01-May-2017 14:50,01-May-2017 14:50,70.0
01-May-2017 15:07,01-May-2017 15:07,64.0
01-May-2017 15:16,01-May-2017 15:16,65.0
01-May-2017 15:19,01-May-2017 15:19,74.0
01-May-2017 15:22,01-May-2017 15:22,77.0
01-May-2017 15:34,01-May-2017 15:34,69.0
01-May-2017 15:37,01-May-2017 15:37,66.0
01-May-2017 15:43,01-May-2017 15:43,69.0
01-May-2017 15:47,01-May-2017 15:47,69.0
01-May-2017 15:50,01-May-2017 15:50,70.0
01-May-2017 15:57,01-May-2017 15:57,69.0
01-May-2017 16:04,01-May-2017 16:04,73.0
01-May-2017 16:05,01-May-2017 16:05,72.0
01-May-2017 16:18,01-May-2017 16:18,69.0
01-May-2017 16:21,01-May-2017 16:21,69.0
01-May-2017 16:28,01-May-2017 16:28,73.0
01-May-2017 16:30,01-May-2017 16:30,72.0
01-May-2017 16:35,01-May-2017 16:35,62.0
01-May-2017 16:40,01-May-2017 16:40,62.0
01-May-2017 16:44,01-May-2017 16:44,61.0
01-May-2017 16:47,01-May-2017 16:47,76.0
01-May-2017 17:01,01-May-2017 17:01,56.0
01-May-2017 17:07,01-May-2017 17:07,71.0
01-May-2017 17:09,01-May-2017 17:09,68.0
01-May-2017 17:32,01-May-2017 17:32,75.0
01-May-2017 17:38,01-May-2017 17:38,77.0
01-May-2017 17:43,01-May-2017 17:43,72.0
01-May-2017 17:45,01-May-2017 17:45,75.0
01-May-2017 17:49,01-May-2017 17:49,77.0
01-May-2017 17:54,01-May-2017 17:54,77.0
01-May-2017 18:01,01-May-2017 18:01,74.0
01-May-2017 18:05,01-May-2017 18:05,76.0
01-May-2017 18:08,01-May-2017 18:08,76.0
01-May-2017 18:22,01-May-2017 18:22,66.0
01-May-2017 18:33,01-May-2017 18:33,71.0
01-May-2017 18:34,01-May-2017 18:34,73.0
01-May-2017 18:38,01-May-2017 18:38,97.0
01-May-2017 18:48,01-May-2017 18:48,74.0
01-May-2017 18:49,01-May-2017 18:49,81.0
01-May-2017 18:56,01-May-2017 18:56,73.0
01-May-2017 19:00,01-May-2017 19:00,76.0
01-May-2017 19:07,01-May-2017 19:07,73.0
01-May-2017 19:09,01-May-2017 19:09,74.0
01-May-2017 19:15,01-May-2017 19:15,77.0
01-May-2017 19:21,01-May-2017 19:21,69.0
01-May-2017 19:28,01-May-2017 19:28,73.0
01-May-2017 19:34,01-May-2017 19:34,73.0
01-May-2017 19:37,01-May-2017 19:37,71.0
01-May-2017 19:40,01-May-2017 19:40,72.0
01-May-2017 19:49,01-May-2017 19:49,69.0
01-May-2017 19:52,01-May-2017 19:52,71.0
01-May-2017 20:05,01-May-2017 20:05,72.0
01-May-2017 20:07,01-May-2017 20:07,69.0
01-May-2017 20:10,01-May-2017 20:10,70.0
01-May-2017 20:15,01-May-2017 20:15,71.0
01-May-2017 20:19,01-May-2017 20:19,76.0
01-May-2017 20:31,01-May-2017 20:31,75.0
01-May-2017 20:33,01-May-2017 20:33,68.0
01-May-2017 20:38,01-May-2017 20:38,72.0
01-May-2017 20:42,01-May-2017 20:42,72.0
01-May-2017 20:49,01-May-2017 20:49,68.0
01-May-2017 21:01,01-May-2017 21:01,69.0
01-May-2017 21:03,01-May-2017 21:03,71.0
01-May-2017 21:07,01-May-2017 21:07,69.0
01-May-2017 21:19,01-May-2017 21:19,74.0
01-May-2017 21:22,01-May-2017 21:22,74.0
01-May-2017 21:30,01-May-2017 21:30,71.0
01-May-2017 21:34,01-May-2017 21:34,75.0
01-May-2017 21:49,01-May-2017 21:49,69.0
01-May-2017 21:52,01-May-2017 21:52,69.0
01-May-2017 21:56,01-May-2017 21:56,73.0
01-May-2017 22:02,01-May-2017 22:02,74.0
01-May-2017 22:05,01-May-2017 22:05,74.0
01-May-2017 22:11,01-May-2017 22:11,76.0
01-May-2017 22:21,01-May-2017 22:21,69.0
01-May-2017 22:22,01-May-2017 22:22,76.0
01-May-2017 22:24,01-May-2017 22:24,72.0
01-May-2017 22:37,01-May-2017 22:37,74.0
01-May-2017 22:48,01-May-2017 22:48,77.0
01-May-2017 22:50,01-May-2017 22:50,74.0
01-May-2017 22:55,01-May-2017 22:55,75.0
01-May-2017 23:03,01-May-2017 23:03,69.0
01-May-2017 23:09,01-May-2017 23:09,74.0
01-May-2017 23:11,01-May-2017 23:11,73.0
01-May-2017 23:18,01-May-2017 23:18,72.0
01-May-2017 23:22,01-May-2017 23:22,74.0
01-May-2017 23:28,01-May-2017 23:28,69.0
01-May-2017 23:33,01-May-2017 23:33,70.0
01-May-2017 23:37,01-May-2017 23:37,69.0
01-May-2017 23:42,01-May-2017 23:42,69.0
01-May-2017 23:46,01-May-2017 23:46,69.0
01-May-2017 23:50,01-May-2017 23:50,72.0
01-May-2017 23:56,01-May-2017 23:56,69.0
02-May-2017 00:00,02-May-2017 00:00,69.0
